0	21	21	42.1	100.000	21	0.34	0	0	91	91	Apotomis betuletana genome assembly, chromosome: 6	Apotomis betuletana	0	3	23	26870002	26869982
0	21	21	42.1	100.000	21	0.34	0	0	91	91	Agriphila tristella genome assembly, chromosome: 11	Agriphila tristella	0	3	23	11155871	11155851
0	21	21	42.1	100.000	21	0.34	0	0	91	91	Myopa tessellatipennis genome assembly, chromosome: 3	Myopa tessellatipennis	0	1	21	27618230	27618250
0	21	21	42.1	100.000	21	0.34	0	0	91	91	Apotomis betuletana genome assembly, chromosome: 2	Apotomis betuletana	0	3	23	9829664	9829684
0	20	20	40.1	100.000	20	1.3	0	0	87	87	Crassostrea gigas genome assembly, linkage group: LG8	Crassostrea gigas	0	2	21	17367590	17367571
0	16	16	32.2	100.000	16	326	0	0	87	70	Crassostrea gigas genome assembly, linkage group: LG8	Crassostrea gigas	0	6	21	48570225	48570210
0	16	16	32.2	100.000	16	326	0	0	87	70	Crassostrea gigas genome assembly, linkage group: LG8	Crassostrea gigas	0	6	21	48581187	48581172
0	20	20	40.1	100.000	20	1.3	0	0	91	87	Stelis phaeoptera genome assembly, chromosome: 15	Stelis phaeoptera	0	2	21	8591701	8591682
0	20	20	40.1	100.000	20	1.3	0	0	91	87	Stelis phaeoptera genome assembly, chromosome: 15	Stelis phaeoptera	0	3	22	2968597	2968616
0	20	20	40.1	100.000	20	1.3	0	0	87	87	Diarsia rubi genome assembly, chromosome: 14	Diarsia rubi	0	4	23	1454979	1454960
0	20	20	40.1	100.000	20	1.3	0	0	87	87	Glaphyromorphus darwiniensis low density lipoprotein receptor (LDLR) gene, intron	Glaphyromorphus darwiniensis	0	2	21	366	347
0	20	20	40.1	100.000	20	1.3	0	0	87	87	Mus musculus chromosome 3, clone RP23-51P17, complete sequence	Mus musculus	0	2	21	57520	57501
0	20	20	40.1	100.000	20	1.3	0	0	87	87	Epinephelus fuscoguttatus DNA, LG7, complete sequence	Epinephelus fuscoguttatus	0	4	23	9230385	9230404
0	17	17	34.2	100.000	17	82	0	0	87	74	Epinephelus fuscoguttatus DNA, LG7, complete sequence	Epinephelus fuscoguttatus	0	6	22	3736943	3736959
0	16	16	32.2	100.000	16	326	0	0	87	70	Epinephelus fuscoguttatus DNA, LG7, complete sequence	Epinephelus fuscoguttatus	0	7	22	13629589	13629604
0	16	16	32.2	100.000	16	326	0	0	87	70	Epinephelus fuscoguttatus DNA, LG7, complete sequence	Epinephelus fuscoguttatus	0	7	22	38532470	38532485
1	20	20	40.1	100.000	20	1.3	0	0	96	87	Ovis canadensis canadensis isolate 43U chromosome 13 sequence	Ovis canadensis canadensis	0	2	21	9023816	9023835
1	16	16	32.2	100.000	16	326	0	0	96	70	Ovis canadensis canadensis isolate 43U chromosome 13 sequence	Ovis canadensis canadensis	0	8	23	79553807	79553822
1	20	20	40.1	100.000	20	1.3	0	0	87	87	Apteryx australis mantelli genome assembly AptMant0, scaffold scaffold978	Apteryx mantelli mantelli	0	1	20	2693902	2693921
1	20	20	40.1	100.000	20	1.3	0	0	87	87	Danio kyathit genome assembly, chromosome: 8	Danio kyathit	0	3	22	10748610	10748629
1	20	20	40.1	100.000	20	1.3	0	0	87	87	Hymenolepis microstoma genome assembly, chromosome: 3	Hymenolepis microstoma	0	3	22	20753059	20753040
1	16	16	32.2	100.000	16	326	0	0	87	70	Hymenolepis microstoma genome assembly, chromosome: 3	Hymenolepis microstoma	0	6	21	23835608	23835623
1	20	20	40.1	100.000	20	1.3	0	0	87	87	Andrena minutula genome assembly, chromosome: 2	Andrena minutula	0	4	23	37593260	37593241
1	20	20	40.1	100.000	20	1.3	0	0	87	87	Melanargia galathea genome assembly, chromosome: 14	Melanargia galathea	0	3	22	3595495	3595476
1	20	20	40.1	100.000	20	1.3	0	0	87	87	Aureobasidium melanogenum strain TN3-1 chromosome 12	Aureobasidium melanogenum	0	2	21	271137	271118
1	20	20	40.1	100.000	20	1.3	0	0	87	87	Acomys russatus genome assembly, chromosome: 4	Acomys russatus	0	4	23	8841256	8841237
1	16	16	32.2	100.000	16	326	0	0	87	70	Acomys russatus genome assembly, chromosome: 4	Acomys russatus	0	6	21	36955506	36955491
1	19	19	38.2	100.000	19	5.3	0	0	83	83	Solanum pinnatisectum cultivar CGN17745 chromosome 7	Solanum pinnatisectum	0	5	23	26826990	26827008
1	19	19	38.2	100.000	19	5.3	0	0	83	83	Lutra lutra genome assembly, chromosome: 18	Lutra lutra	0	2	20	28545192	28545210
1	16	16	32.2	100.000	16	326	0	0	83	70	Lutra lutra genome assembly, chromosome: 18	Lutra lutra	0	4	19	34146548	34146533
2	20	20	40.1	100.000	20	1.3	0	0	87	87	Halyzia sedecimguttata genome assembly, chromosome: 8	Halyzia sedecimguttata	0	2	21	47464956	47464937
2	16	16	32.2	100.000	16	326	0	0	87	70	Halyzia sedecimguttata genome assembly, chromosome: 8	Halyzia sedecimguttata	0	6	21	53283427	53283442
2	20	20	40.1	100.000	20	1.3	0	0	87	87	Laothoe populi genome assembly, chromosome: 18	Laothoe populi	0	2	21	16220967	16220986
2	19	19	38.2	100.000	19	5.3	0	0	83	83	Kluyveromyces lactis strain CBS 2105 chromosome 2	Kluyveromyces lactis	0	3	21	687739	687757
2	19	19	38.2	100.000	19	5.3	0	0	83	83	Myripristis murdjan genome assembly, chromosome: 9	Myripristis murdjan	0	3	21	6746074	6746056
2	19	19	38.2	100.000	19	5.3	0	0	83	83	Rahnella aquatilis strain MEM40 chromosome, complete genome	Rahnella aquatilis	0	5	23	3252311	3252329
2	19	19	38.2	100.000	19	5.3	0	0	83	83	Rahnella aquatilis strain KM05 chromosome, complete genome	Rahnella aquatilis	0	5	23	505879	505897
2	19	19	38.2	100.000	19	5.3	0	0	83	83	Rahnella aquatilis strain KM12 chromosome, complete genome	Rahnella aquatilis	0	5	23	512678	512696
2	19	19	38.2	100.000	19	5.3	0	0	83	83	Rahnella aquatilis strain KM25 chromosome, complete genome	Rahnella aquatilis	0	5	23	511981	511999
2	19	19	38.2	100.000	19	5.3	0	0	83	83	Rahnella aquatilis strain ZF7 chromosome, complete genome	Rahnella aquatilis	0	5	23	497868	497886
2	19	19	38.2	100.000	19	5.3	0	0	83	83	Bacillus cereus strain TG1-6 chromosome, complete genome	Bacillus cereus	0	3	21	172738	172756
3	21	21	42.1	100.000	21	0.34	0	0	91	91	Chrysolina oricalcia genome assembly, chromosome: 1	Chrysolina oricalcia	0	2	22	85017168	85017188
3	17	17	34.2	100.000	17	82	0	0	91	74	Chrysolina oricalcia genome assembly, chromosome: 1	Chrysolina oricalcia	0	3	19	56030300	56030284
3	20	20	40.1	100.000	20	1.3	0	0	87	87	Thecophora atra genome assembly, chromosome: 3	Thecophora atra	0	2	21	40785411	40785430
3	16	16	32.2	100.000	16	326	0	0	87	70	Thecophora atra genome assembly, chromosome: 3	Thecophora atra	0	6	21	3731216	3731201
3	20	20	40.1	100.000	20	1.3	0	0	87	87	PREDICTED: Mauremys reevesii uncharacterized LOC120405982 (LOC120405982), transcript variant X2, ncRNA	Mauremys reevesii	0	4	23	114	133
3	20	20	40.1	100.000	20	1.3	0	0	87	87	PREDICTED: Mauremys reevesii uncharacterized LOC120405982 (LOC120405982), transcript variant X1, ncRNA	Mauremys reevesii	0	4	23	107	126
3	19	19	38.2	100.000	19	5.3	0	0	83	83	Marchantia polymorpha subsp. ruderalis Tak-1 DNA, chromosome: 3	Marchantia polymorpha subsp. ruderalis	0	1	19	25066429	25066447
3	19	19	38.2	100.000	19	5.3	0	0	83	83	Mytilinidion resinicola uncharacterized protein (BDZ99DRAFT_546416), partial mRNA	Mytilinidion resinicola	0	4	22	2601	2619
3	19	19	38.2	100.000	19	5.3	0	0	83	83	Oryzias latipes strain HSOK chromosome 22	Oryzias latipes	0	3	21	13153086	13153068
3	19	19	38.2	100.000	19	5.3	0	0	83	83	Oryzias latipes strain HNI chromosome 22	Oryzias latipes	0	3	21	12520160	12520142
3	19	19	38.2	100.000	19	5.3	0	0	83	83	Oryzias latipes strain Hd-rR chromosome 22 sequence	Oryzias latipes	0	3	21	12971793	12971775
3	19	19	38.2	100.000	19	5.3	0	0	83	83	TPA_asm: Oryzias latipes strain Hd-rR, complete genome assembly, chromosome 22	Oryzias latipes	0	3	21	12632799	12632781
4	21	21	42.1	100.000	21	0.34	0	0	91	91	Agriphila geniculea genome assembly, chromosome: 18	Agriphila geniculea	0	1	21	18851964	18851984
4	21	21	42.1	100.000	21	0.34	0	0	91	91	Agriphila geniculea genome assembly, chromosome: 14	Agriphila geniculea	0	1	21	21518484	21518504
4	21	21	42.1	100.000	21	0.34	0	0	96	91	Epicampocera succincta genome assembly, chromosome: 1	Epicampocera succincta	0	2	22	54091065	54091085
4	17	17	34.2	100.000	17	82	0	0	96	74	Epicampocera succincta genome assembly, chromosome: 1	Epicampocera succincta	0	4	20	11050982	11050966
4	16	16	32.2	100.000	16	326	0	0	96	70	Epicampocera succincta genome assembly, chromosome: 1	Epicampocera succincta	0	5	20	31191747	31191762
4	16	16	32.2	100.000	16	326	0	0	96	70	Epicampocera succincta genome assembly, chromosome: 1	Epicampocera succincta	0	1	16	55104648	55104633
4	21	21	42.1	100.000	21	0.34	0	0	91	91	Agriphila tristella genome assembly, chromosome: 4	Agriphila tristella	0	1	21	56558413	56558433
4	17	17	34.2	100.000	17	82	0	0	91	74	Agriphila tristella genome assembly, chromosome: 4	Agriphila tristella	0	3	19	55091846	55091830
4	16	16	32.2	100.000	16	326	0	0	91	70	Agriphila tristella genome assembly, chromosome: 4	Agriphila tristella	0	6	21	30400325	30400310
4	21	21	42.1	100.000	21	0.34	0	0	91	91	Agriphila tristella genome assembly, chromosome: Z	Agriphila tristella	0	1	21	46640841	46640861
4	21	21	42.1	100.000	21	0.34	0	0	91	91	Rodentibacter heylii strain G1 chromosome, complete genome	Rodentibacter heylii	0	1	21	1478700	1478680
4	21	21	42.1	100.000	21	0.34	0	0	91	91	Pasteurellaceae bacterium NI1060 genome	Pasteurellaceae bacterium NI1060	0	1	21	994293	994273
4	21	21	42.1	100.000	21	0.34	0	0	91	91	Agriphila tristella genome assembly, chromosome: 20	Agriphila tristella	0	1	21	11720238	11720218
4	21	21	42.1	100.000	21	0.34	0	0	91	91	Agriphila tristella genome assembly, chromosome: 15	Agriphila tristella	0	1	21	17430432	17430412
4	20	16	32.2	95.000	19	326	0	0	91	87	Agriphila tristella genome assembly, chromosome: 15	Agriphila tristella	1	2	21	17582791	17582772
4	20	20	40.1	100.000	20	1.3	0	0	87	87	Ecliptopera silaceata genome assembly, chromosome: 13	Ecliptopera silaceata	0	2	21	5223534	5223553
5	21	21	42.1	100.000	21	0.34	0	0	91	91	Lutra lutra genome assembly, chromosome: 15	Lutra lutra	0	1	21	44735165	44735185
5	16	16	32.2	100.000	16	326	0	0	91	70	Lutra lutra genome assembly, chromosome: 15	Lutra lutra	0	3	18	55007487	55007472
5	21	21	42.1	100.000	21	0.34	0	0	91	91	Pecten maximus genome assembly, chromosome: 10	Pecten maximus	0	1	21	38640983	38641003
5	21	21	42.1	100.000	21	0.34	0	0	91	91	Heterocephalus glaber genome assembly, chromosome: 12	Heterocephalus glaber	0	3	23	33275156	33275176
5	16	16	32.2	100.000	16	326	0	0	91	70	Heterocephalus glaber genome assembly, chromosome: 12	Heterocephalus glaber	0	4	19	81998118	81998133
5	21	21	42.1	100.000	21	0.34	0	0	91	91	Heterocephalus glaber genome assembly, chromosome: 12	Heterocephalus glaber	0	3	23	61468810	61468790
5	16	16	32.2	100.000	16	326	0	0	91	70	Heterocephalus glaber genome assembly, chromosome: 12	Heterocephalus glaber	0	4	19	73194773	73194758
5	20	20	40.1	100.000	20	1.3	0	0	87	87	PREDICTED: Pelodiscus sinensis ilvB acetolactate synthase like (ILVBL), transcript variant X2, misc_RNA	Pelodiscus sinensis	0	2	21	3306	3325
5	20	20	40.1	100.000	20	1.3	0	0	87	87	PREDICTED: Pelodiscus sinensis ilvB acetolactate synthase like (ILVBL), transcript variant X1, mRNA	Pelodiscus sinensis	0	2	21	3377	3396
5	20	20	40.1	100.000	20	1.3	0	0	87	87	Orgyia antiqua genome assembly, chromosome: 7	Orgyia antiqua	0	3	22	14624944	14624963
5	20	20	40.1	100.000	20	1.3	0	0	87	87	Canis lupus genome assembly, chromosome: 31	Canis lupus	0	2	21	16415310	16415329
5	16	16	32.2	100.000	16	326	0	0	87	70	Canis lupus genome assembly, chromosome: 31	Canis lupus	0	5	20	30084853	30084838
5	20	20	40.1	100.000	20	1.3	0	0	87	87	Canis lupus familiaris breed Labrador retriever chromosome 31a	Canis lupus familiaris	0	2	21	23195187	23195168
5	16	16	32.2	100.000	16	326	0	0	87	70	Canis lupus familiaris breed Labrador retriever chromosome 31a	Canis lupus familiaris	0	5	20	9470588	9470603
5	20	20	40.1	100.000	20	1.3	0	0	87	87	Canis lupus familiaris breed Labrador retriever chromosome 31b	Canis lupus familiaris	0	2	21	23190048	23190029
5	16	16	32.2	100.000	16	326	0	0	87	70	Canis lupus familiaris breed Labrador retriever chromosome 31b	Canis lupus familiaris	0	5	20	9461956	9461971
6	21	21	42.1	100.000	21	0.34	0	0	100	91	Thunnus albacares genome assembly, chromosome: 16	Thunnus albacares	0	3	23	22732204	22732224
6	16	16	32.2	100.000	16	326	0	0	100	70	Thunnus albacares genome assembly, chromosome: 16	Thunnus albacares	0	1	16	5960643	5960628
6	16	16	32.2	100.000	16	326	0	0	100	70	Thunnus albacares genome assembly, chromosome: 16	Thunnus albacares	0	4	19	14247998	14248013
6	16	16	32.2	100.000	16	326	0	0	100	70	Thunnus albacares genome assembly, chromosome: 16	Thunnus albacares	0	8	23	15891444	15891459
6	20	20	40.1	100.000	20	1.3	0	0	87	87	Marchantia polymorpha subsp. ruderalis Tak-1 DNA, chromosome: 2	Marchantia polymorpha subsp. ruderalis	0	1	20	3215971	3215990
6	20	20	40.1	100.000	20	1.3	0	0	87	87	Gouania willdenowi genome assembly, chromosome: 10	Gouania willdenowi	0	4	23	40168213	40168232
6	16	16	32.2	100.000	16	326	0	0	87	70	Gouania willdenowi genome assembly, chromosome: 10	Gouania willdenowi	0	4	19	25990249	25990264
6	20	20	40.1	100.000	20	1.3	0	0	96	87	Chrysolina oricalcia genome assembly, chromosome: 19	Chrysolina oricalcia	0	4	23	47151435	47151454
6	18	18	36.2	100.000	18	21	0	0	96	78	Chrysolina oricalcia genome assembly, chromosome: 19	Chrysolina oricalcia	0	2	19	5719235	5719252
6	17	17	34.2	100.000	17	82	0	0	96	74	Chrysolina oricalcia genome assembly, chromosome: 19	Chrysolina oricalcia	0	5	21	23490550	23490566
6	17	17	34.2	100.000	17	82	0	0	96	74	Chrysolina oricalcia genome assembly, chromosome: 19	Chrysolina oricalcia	0	3	19	36892764	36892748
6	20	16	32.2	95.000	19	326	0	0	96	87	Chrysolina oricalcia genome assembly, chromosome: 19	Chrysolina oricalcia	1	4	23	11285008	11284989
6	16	16	32.2	100.000	16	326	0	0	96	70	Chrysolina oricalcia genome assembly, chromosome: 19	Chrysolina oricalcia	0	7	22	18910994	18910979
6	16	16	32.2	100.000	16	326	0	0	96	70	Chrysolina oricalcia genome assembly, chromosome: 19	Chrysolina oricalcia	0	7	22	18922601	18922586
6	20	16	32.2	95.000	19	326	0	0	96	87	Chrysolina oricalcia genome assembly, chromosome: 19	Chrysolina oricalcia	1	4	23	23990530	23990511
6	20	16	32.2	95.000	19	326	0	0	96	87	Chrysolina oricalcia genome assembly, chromosome: 19	Chrysolina oricalcia	1	4	23	34821025	34821044
6	16	16	32.2	100.000	16	326	0	0	96	70	Chrysolina oricalcia genome assembly, chromosome: 19	Chrysolina oricalcia	0	3	18	36968795	36968810
6	20	16	32.2	95.000	19	326	0	0	96	87	Chrysolina oricalcia genome assembly, chromosome: 19	Chrysolina oricalcia	1	4	23	41184165	41184146
6	20	16	32.2	95.000	19	326	0	0	96	87	Chrysolina oricalcia genome assembly, chromosome: 19	Chrysolina oricalcia	1	4	23	46078215	46078234
6	20	20	40.1	100.000	20	1.3	0	0	87	87	Acentria ephemerella genome assembly, chromosome: 5	Acentria ephemerella	0	2	21	13330532	13330513
6	20	20	40.1	100.000	20	1.3	0	0	87	87	Aporophyla lueneburgensis genome assembly, chromosome: Z	Aporophyla lueneburgensis	0	1	20	10347081	10347062
6	17	17	34.2	100.000	17	82	0	0	87	74	Aporophyla lueneburgensis genome assembly, chromosome: Z	Aporophyla lueneburgensis	0	3	19	10976555	10976571
6	20	20	40.1	100.000	20	1.3	0	0	87	87	Phorcus lineatus genome assembly, chromosome: 13	Phorcus lineatus	0	3	22	38361187	38361206
6	20	20	40.1	100.000	20	1.3	0	0	87	87	Sphecodes monilicornis genome assembly, chromosome: 10	Sphecodes monilicornis	0	2	21	4228828	4228809
6	20	20	40.1	100.000	20	1.3	0	0	87	87	Caprimulgus europaeus genome assembly, chromosome: 6	Caprimulgus europaeus	0	3	22	60756832	60756813
6	16	16	32.2	100.000	16	326	0	0	87	70	Caprimulgus europaeus genome assembly, chromosome: 6	Caprimulgus europaeus	0	7	22	45379771	45379786
6	20	20	40.1	100.000	20	1.3	0	0	87	87	PREDICTED: Toxotes jaculatrix PITPNM family member 3 (pitpnm3), mRNA	Toxotes jaculatrix	0	3	22	5644	5663
7	21	21	42.1	100.000	21	0.34	0	0	91	91	Neostethus bicornis genome assembly, chromosome: 15	Neostethus bicornis	0	1	21	15024363	15024343
7	20	20	40.1	100.000	20	1.3	0	0	87	87	PREDICTED: Biomphalaria glabrata uncharacterized LOC106064042 (LOC106064042), mRNA	Biomphalaria glabrata	0	1	20	1442	1461
7	20	20	40.1	100.000	20	1.3	0	0	87	87	PREDICTED: Scatophagus argus interleukin-17 receptor D (si:ch211-207e14.4), transcript variant X5, mRNA	Scatophagus argus	0	3	22	2163	2144
7	20	20	40.1	100.000	20	1.3	0	0	87	87	PREDICTED: Scatophagus argus interleukin-17 receptor D (si:ch211-207e14.4), transcript variant X4, mRNA	Scatophagus argus	0	3	22	2272	2253
7	20	20	40.1	100.000	20	1.3	0	0	87	87	PREDICTED: Scatophagus argus interleukin-17 receptor D (si:ch211-207e14.4), transcript variant X3, mRNA	Scatophagus argus	0	3	22	2473	2454
7	20	20	40.1	100.000	20	1.3	0	0	87	87	PREDICTED: Scatophagus argus interleukin-17 receptor D (si:ch211-207e14.4), transcript variant X2, mRNA	Scatophagus argus	0	3	22	2507	2488
7	20	20	40.1	100.000	20	1.3	0	0	87	87	PREDICTED: Scatophagus argus interleukin-17 receptor D (si:ch211-207e14.4), transcript variant X1, mRNA	Scatophagus argus	0	3	22	2508	2489
7	19	19	38.2	100.000	19	5.3	0	0	83	83	PREDICTED: Melopsittacus undulatus fatty acyl-CoA reductase 1 (LOC101875284), transcript variant X2, mRNA	Melopsittacus undulatus	0	3	21	1761	1743
7	19	19	38.2	100.000	19	5.3	0	0	83	83	PREDICTED: Melopsittacus undulatus fatty acyl-CoA reductase 1 (LOC101875284), transcript variant X1, mRNA	Melopsittacus undulatus	0	3	21	1761	1743
7	19	19	38.2	100.000	19	5.3	0	0	83	83	Lotus japonicus B-129 DNA, chromosome 2, complete sequence	Lotus japonicus	0	3	21	80421099	80421117
7	16	16	32.2	100.000	16	326	0	0	83	70	Lotus japonicus B-129 DNA, chromosome 2, complete sequence	Lotus japonicus	0	3	18	52058369	52058354
7	16	16	32.2	100.000	16	326	0	0	83	70	Lotus japonicus B-129 DNA, chromosome 2, complete sequence	Lotus japonicus	0	3	18	53563566	53563581
7	16	16	32.2	100.000	16	326	0	0	83	70	Lotus japonicus B-129 DNA, chromosome 2, complete sequence	Lotus japonicus	0	3	18	53600600	53600615
8	21	21	42.1	100.000	21	0.34	0	0	91	91	PREDICTED: Archocentrus centrarchus integral membrane protein GPR155-like (LOC115793427), transcript variant X2, mRNA	Archocentrus centrarchus	0	3	23	826	806
8	21	21	42.1	100.000	21	0.34	0	0	91	91	PREDICTED: Archocentrus centrarchus integral membrane protein GPR155-like (LOC115793427), transcript variant X1, mRNA	Archocentrus centrarchus	0	3	23	826	806
8	20	20	40.1	100.000	20	1.3	0	0	87	87	Scophthalmus maximus chromosome 5	Scophthalmus maximus	0	4	23	25046411	25046430
8	20	20	40.1	100.000	20	1.3	0	0	87	87	Solea senegalensis genome assembly, chromosome: I	Solea senegalensis	0	4	23	14519908	14519927
8	16	16	32.2	100.000	16	326	0	0	87	70	Solea senegalensis genome assembly, chromosome: I	Solea senegalensis	0	4	19	1471135	1471120
8	20	20	40.1	100.000	20	1.3	0	0	87	87	Acipenser ruthenus genome assembly, chromosome: 18	Acipenser ruthenus	0	1	20	31834443	31834462
8	20	20	40.1	100.000	20	1.3	0	0	87	87	Acipenser ruthenus genome assembly, chromosome: 15	Acipenser ruthenus	0	1	20	34458038	34458057
8	20	20	40.1	100.000	20	1.3	0	0	87	87	Acipenser ruthenus genome assembly, chromosome: 18	Acipenser ruthenus	0	1	20	32077892	32077911
8	20	20	40.1	100.000	20	1.3	0	0	87	87	Acipenser ruthenus genome assembly, chromosome: 15	Acipenser ruthenus	0	1	20	34404595	34404614
8	20	20	40.1	100.000	20	1.3	0	0	87	87	Anopheles stephensi strain Indian chromosome 2R	Anopheles stephensi	0	4	23	17074903	17074884
8	20	20	40.1	100.000	20	1.3	0	0	87	87	Anopheles stephensi strain SDA-500 chromosome 2R	Anopheles stephensi	0	4	23	17822920	17822901
9	20	20	40.1	100.000	20	1.3	0	0	100	87	Sparus aurata genome assembly, chromosome: 15	Sparus aurata	0	4	23	21864715	21864734
9	16	16	32.2	100.000	16	326	0	0	100	70	Sparus aurata genome assembly, chromosome: 15	Sparus aurata	0	4	19	2695364	2695379
9	16	16	32.2	100.000	16	326	0	0	100	70	Sparus aurata genome assembly, chromosome: 15	Sparus aurata	0	1	16	19198778	19198793
9	20	20	40.1	100.000	20	1.3	0	0	87	87	Poecilia reticulata genome assembly, chromosome: 6	Poecilia reticulata	0	4	23	17784325	17784344
9	20	20	40.1	100.000	20	1.3	0	0	87	87	Mus musculus BAC clone RP23-358J23 from chromosome 13, complete sequence	Mus musculus	0	3	22	179831	179850
9	19	19	38.2	100.000	19	5.3	0	0	83	83	Haemonchus contortus strain NZ_Hco_NP chromosome 4	Haemonchus contortus	0	5	23	32228159	32228177
9	19	19	38.2	100.000	19	5.3	0	0	96	83	Haemonchus contortus, ISE/inbred ISE, WGS project CAVP01000000 data, chromosome: 4	Haemonchus contortus	0	5	23	18006399	18006417
9	16	16	32.2	100.000	16	326	0	0	96	70	Haemonchus contortus, ISE/inbred ISE, WGS project CAVP01000000 data, chromosome: 4	Haemonchus contortus	0	2	17	13703049	13703064
9	19	19	38.2	100.000	19	5.3	0	0	83	83	Oryzias latipes strain HSOK chromosome 15	Oryzias latipes	0	5	23	4727891	4727909
9	19	19	38.2	100.000	19	5.3	0	0	83	83	Oryzias latipes strain HNI chromosome 15	Oryzias latipes	0	5	23	3958921	3958939
9	19	19	38.2	100.000	19	5.3	0	0	83	83	Oryzias latipes strain Hd-rR chromosome 15 sequence	Oryzias latipes	0	5	23	5179507	5179525
9	19	19	38.2	100.000	19	5.3	0	0	91	83	Arabis alpina genome assembly, chromosome: 6	Arabis alpina	0	3	21	33256087	33256105
9	20	16	32.2	95.000	19	326	0	0	91	87	Arabis alpina genome assembly, chromosome: 6	Arabis alpina	1	1	20	19990916	19990897
9	19	19	38.2	100.000	19	5.3	0	0	83	83	TPA_asm: Oryzias latipes strain Hd-rR, complete genome assembly, chromosome 15	Oryzias latipes	0	5	23	4331193	4331211
10	20	20	40.1	100.000	20	1.3	0	0	87	87	PREDICTED: Periophthalmus magnuspinnatus purinergic receptor P2X, ligand-gated ion channel, 5 (p2rx5), mRNA	Periophthalmus magnuspinnatus	0	3	22	951	932
10	20	20	40.1	100.000	20	1.3	0	0	87	87	Spodoptera exigua genome assembly, chromosome: 25	Spodoptera exigua	0	3	22	7400652	7400671
10	20	20	40.1	100.000	20	1.3	0	0	87	87	PREDICTED: Nematostella vectensis neuropilin-1 (LOC5513606), mRNA	Nematostella vectensis	0	3	22	1446	1427
10	20	20	40.1	100.000	20	1.3	0	0	87	87	PREDICTED: Bombus terrestris metaxin-1 (LOC100650542), transcript variant X11, mRNA	Bombus terrestris	0	3	22	1456	1437
10	20	20	40.1	100.000	20	1.3	0	0	87	87	PREDICTED: Bombus terrestris metaxin-1 (LOC100650542), transcript variant X10, mRNA	Bombus terrestris	0	3	22	1478	1459
10	20	20	40.1	100.000	20	1.3	0	0	87	87	PREDICTED: Bombus terrestris metaxin-1 (LOC100650542), transcript variant X9, mRNA	Bombus terrestris	0	3	22	2108	2089
10	20	20	40.1	100.000	20	1.3	0	0	87	87	PREDICTED: Bombus terrestris metaxin-1 (LOC100650542), transcript variant X8, mRNA	Bombus terrestris	0	3	22	1494	1475
10	20	20	40.1	100.000	20	1.3	0	0	87	87	PREDICTED: Bombus terrestris metaxin-1 (LOC100650542), transcript variant X7, misc_RNA	Bombus terrestris	0	3	22	2124	2105
10	20	20	40.1	100.000	20	1.3	0	0	87	87	PREDICTED: Bombus terrestris metaxin-1 (LOC100650542), transcript variant X6, misc_RNA	Bombus terrestris	0	3	22	2057	2038
10	20	20	40.1	100.000	20	1.3	0	0	87	87	PREDICTED: Bombus terrestris metaxin-1 (LOC100650542), transcript variant X5, mRNA	Bombus terrestris	0	3	22	2124	2105
11	21	21	42.1	100.000	21	0.34	0	0	91	91	Myopa tessellatipennis genome assembly, chromosome: 2	Myopa tessellatipennis	0	3	23	6811923	6811903
11	19	19	38.2	100.000	19	5.3	0	0	87	83	Pirellula sp. SH-Sr6A, complete genome	Pirellula sp. SH-Sr6A	0	5	23	3759334	3759352
11	16	16	32.2	100.000	16	326	0	0	87	70	Pirellula sp. SH-Sr6A, complete genome	Pirellula sp. SH-Sr6A	0	4	19	3760925	3760940
11	19	19	38.2	100.000	19	5.3	0	0	83	83	Mus musculus genome assembly, chromosome: 17	Mus musculus	0	1	19	55618117	55618135
11	19	19	38.2	100.000	19	5.3	0	0	83	83	Mus musculus genome assembly, chromosome: 17	Mus musculus	0	1	19	56529220	56529238
11	19	19	38.2	100.000	19	5.3	0	0	83	83	Mus musculus genome assembly, chromosome: 17	Mus musculus	0	1	19	55853392	55853410
11	19	19	38.2	100.000	19	5.3	0	0	83	83	Mus musculus genome assembly, chromosome: 17	Mus musculus	0	1	19	55482170	55482188
11	19	19	38.2	100.000	19	5.3	0	0	83	83	Mus musculus genome assembly, chromosome: 17	Mus musculus	0	1	19	55627102	55627120
11	19	19	38.2	100.000	19	5.3	0	0	83	83	Mus musculus genome assembly, chromosome: 17	Mus musculus	0	1	19	55848211	55848229
11	19	19	38.2	100.000	19	5.3	0	0	83	83	Mus musculus genome assembly, chromosome: 17	Mus musculus	0	1	19	58485502	58485520
11	19	19	38.2	100.000	19	5.3	0	0	83	83	Mus musculus genome assembly, chromosome: 17	Mus musculus	0	1	19	56782978	56782996
12	21	21	42.1	100.000	21	0.34	0	0	91	91	Pterostichus madidus genome assembly, chromosome: 10	Pterostichus madidus	0	3	23	5547583	5547563
12	20	20	40.1	100.000	20	1.3	0	0	87	87	Bifidobacterium asteroides strain ESL0447 chromosome, complete genome	Bifidobacterium asteroides	0	1	20	540638	540657
12	20	20	40.1	100.000	20	1.3	0	0	87	87	Candida parapsilosis uncharacterized protein (CPAR2_210100), partial mRNA	Candida parapsilosis	0	2	21	336	355
12	20	20	40.1	100.000	20	1.3	0	0	87	87	Candida parapsilosis strain CDC317 annotated contig 005809	Candida parapsilosis	0	2	21	2159618	2159637
12	20	20	40.1	100.000	20	1.3	0	0	87	87	Danio aesculapii genome assembly, chromosome: 5	Danio aesculapii	0	3	22	13565299	13565280
12	19	19	38.2	100.000	19	5.3	0	0	83	83	Haemonchus contortus strain NZ_Hco_NP chromosome 3	Haemonchus contortus	0	3	21	76503090	76503108
12	16	16	32.2	100.000	16	326	0	0	83	70	Haemonchus contortus strain NZ_Hco_NP chromosome 3	Haemonchus contortus	0	6	21	59157395	59157380
12	19	19	38.2	100.000	19	5.3	0	0	87	83	Eukaryotic synthetic construct chromosome 16	eukaryotic synthetic construct	0	5	23	18478597	18478615
12	18	18	36.2	100.000	18	21	0	0	87	78	Eukaryotic synthetic construct chromosome 16	eukaryotic synthetic construct	0	5	22	14902754	14902737
12	18	18	36.2	100.000	18	21	0	0	87	78	Eukaryotic synthetic construct chromosome 16	eukaryotic synthetic construct	0	5	22	16301250	16301233
12	16	16	32.2	100.000	16	326	0	0	87	70	Eukaryotic synthetic construct chromosome 16	eukaryotic synthetic construct	0	4	19	62609545	62609560
12	19	19	38.2	100.000	19	5.3	0	0	83	83	PREDICTED: Trachymyrmex cornetzi metallophosphoesterase domain-containing protein 1 (LOC108766814), mRNA	Trachymyrmex cornetzi	0	5	23	1011	1029
12	19	19	38.2	100.000	19	5.3	0	0	83	83	PREDICTED: Trachymyrmex septentrionalis metallophosphoesterase domain-containing protein 1 (LOC108745977), mRNA	Trachymyrmex septentrionalis	0	5	23	647	665
12	19	19	38.2	100.000	19	5.3	0	0	83	83	PREDICTED: Trachymyrmex zeteki metallophosphoesterase domain-containing protein 1 (LOC108727323), mRNA	Trachymyrmex zeteki	0	5	23	602	620
13	21	21	42.1	100.000	21	0.34	0	0	91	91	Gardnerella leopoldii strain UGent 06.41 chromosome	Gardnerella leopoldii	0	1	21	1557583	1557603
13	20	20	40.1	100.000	20	1.3	0	0	87	87	Eukaryotic synthetic construct chromosome 18	eukaryotic synthetic construct	0	1	20	14002588	14002569
13	16	16	32.2	100.000	16	326	0	0	87	70	Eukaryotic synthetic construct chromosome 18	eukaryotic synthetic construct	0	2	17	7683689	7683704
13	16	16	32.2	100.000	16	326	0	0	87	70	Eukaryotic synthetic construct chromosome 18	eukaryotic synthetic construct	0	2	17	84784971	84784986
13	20	20	40.1	100.000	20	1.3	0	0	87	87	PREDICTED: Arabidopsis lyrata subsp. lyrata uncharacterized LOC9312190 (LOC9312190), mRNA	Arabidopsis lyrata subsp. lyrata	0	2	21	585	604
13	20	20	40.1	100.000	20	1.3	0	0	87	87	Homo sapiens isolate CHM13 chromosome 18	Homo sapiens	0	1	20	14175455	14175436
13	16	16	32.2	100.000	16	326	0	0	87	70	Homo sapiens isolate CHM13 chromosome 18	Homo sapiens	0	2	17	7856799	7856814
13	20	20	40.1	100.000	20	1.3	0	0	87	87	Homo sapiens DNA, chromosome 18, nearly complete genome	Homo sapiens	0	1	20	14022895	14022876
13	16	16	32.2	100.000	16	326	0	0	87	70	Homo sapiens DNA, chromosome 18, nearly complete genome	Homo sapiens	0	2	17	7707962	7707977
13	20	20	40.1	100.000	20	1.3	0	0	87	87	Homo sapiens chromosome 18, clone hRPK.411_B_10, complete sequence	Homo sapiens	0	1	20	140749	140768
13	19	19	38.2	100.000	19	5.3	0	0	83	83	PREDICTED: Etheostoma cragini G protein-coupled receptor 155b (gpr155b), transcript variant X2, mRNA	Etheostoma cragini	0	5	23	862	844
13	19	19	38.2	100.000	19	5.3	0	0	83	83	PREDICTED: Etheostoma cragini G protein-coupled receptor 155b (gpr155b), transcript variant X1, mRNA	Etheostoma cragini	0	5	23	862	844
13	19	19	38.2	100.000	19	5.3	0	0	83	83	PREDICTED: Etheostoma spectabile integral membrane protein GPR155-like (LOC116705585), mRNA	Etheostoma spectabile	0	5	23	862	844
13	23	19	38.2	95.652	22	5.3	0	0	100	100	Calidris alpina mitochondrion, partial genome	Calidris alpina	1	1	23	6168	6146
14	20	20	40.1	100.000	20	1.3	0	0	87	87	Salmo trutta genome assembly, chromosome: 37	Salmo trutta	0	2	21	22742818	22742837
14	20	20	40.1	100.000	20	1.3	0	0	87	87	4_Tte_b3v08	Timema tahoe	0	3	22	24019	24000
14	20	20	40.1	100.000	20	1.3	0	0	87	87	4_Tbi_b3v08	Timema bartmani	0	3	22	78772	78753
14	19	19	38.2	100.000	19	5.3	0	0	83	83	Marchantia polymorpha subsp. ruderalis Tak-1 DNA, chromosome: 8	Marchantia polymorpha subsp. ruderalis	0	3	21	5707611	5707629
14	23	19	38.2	95.652	22	5.3	0	0	100	100	Hybognathus amarus mitochondrion, complete genome	Hybognathus amarus	1	1	23	6257	6235
14	19	19	38.2	100.000	19	5.3	0	0	83	83	PREDICTED: Gymnodraco acuticeps SH3-domain kinase binding protein 1 (sh3kbp1), transcript variant X4, mRNA	Gymnodraco acuticeps	0	5	23	2693	2675
14	19	19	38.2	100.000	19	5.3	0	0	83	83	PREDICTED: Gymnodraco acuticeps SH3-domain kinase binding protein 1 (sh3kbp1), transcript variant X3, mRNA	Gymnodraco acuticeps	0	5	23	2795	2777
14	19	19	38.2	100.000	19	5.3	0	0	83	83	PREDICTED: Gymnodraco acuticeps SH3-domain kinase binding protein 1 (sh3kbp1), transcript variant X2, mRNA	Gymnodraco acuticeps	0	5	23	2885	2867
14	19	19	38.2	100.000	19	5.3	0	0	83	83	PREDICTED: Gymnodraco acuticeps SH3-domain kinase binding protein 1 (sh3kbp1), transcript variant X1, mRNA	Gymnodraco acuticeps	0	5	23	2956	2938
14	19	19	38.2	100.000	19	5.3	0	0	83	83	PREDICTED: Pseudochaenichthys georgianus SH3-domain kinase binding protein 1 (sh3kbp1), transcript variant X3, mRNA	Pseudochaenichthys georgianus	0	5	23	2453	2435
15	20	20	40.1	100.000	20	1.3	0	0	87	87	Philereme vetulata genome assembly, chromosome: 37	Philereme vetulata	0	2	21	1482146	1482165
15	20	20	40.1	100.000	20	1.3	0	0	87	87	Heliconius sara genome assembly, chromosome: 21	Heliconius sara	0	1	20	5203652	5203671
15	19	19	38.2	100.000	19	5.3	0	0	83	83	Danio aesculapii genome assembly, chromosome: 4	Danio aesculapii	0	5	23	41289374	41289356
15	19	19	38.2	100.000	19	5.3	0	0	83	83	Danio aesculapii genome assembly, chromosome: 17	Danio aesculapii	0	5	23	13613112	13613094
15	16	16	32.2	100.000	16	326	0	0	83	70	Danio aesculapii genome assembly, chromosome: 17	Danio aesculapii	0	6	21	9527131	9527146
15	23	19	38.2	95.652	22	5.3	0	0	100	100	Calotes emma emma isolate KBI2 cytochrome c oxidase subunit I (CO1) gene, partial cds; mitochondrial	Calotes emma emma	1	1	23	569	547
15	23	19	38.2	95.652	22	5.3	0	0	100	100	Calotes emma emma isolate KBI1 cytochrome c oxidase subunit I (CO1) gene, partial cds; mitochondrial	Calotes emma emma	1	1	23	569	547
15	23	19	38.2	95.652	22	5.3	0	0	100	100	Calotes emma emma isolate KBI4 cytochrome c oxidase subunit I (CO1) gene, partial cds; mitochondrial	Calotes emma emma	1	1	23	569	547
15	23	19	38.2	95.652	22	5.3	0	0	100	100	Calotes emma emma isolate KBI3 cytochrome c oxidase subunit I (CO1) gene, partial cds; mitochondrial	Calotes emma emma	1	1	23	569	547
15	23	19	38.2	95.652	22	5.3	0	0	100	100	Calotes emma emma isolate RNG1 cytochrome c oxidase subunit I (CO1) gene, partial cds; mitochondrial	Calotes emma emma	1	1	23	569	547
15	23	19	38.2	95.652	22	5.3	0	0	100	100	Calotes emma emma isolate RNG3 cytochrome c oxidase subunit I (CO1) gene, partial cds; mitochondrial	Calotes emma emma	1	1	23	569	547
