0	28	28	56.0	100.000	28	6.75e-05	0	0	100	100	Ectemnius continuus genome assembly, organelle: mitochondrion	Ectemnius continuus	0	1	28	3934	3961
0	28	28	56.0	100.000	28	6.75e-05	0	0	100	100	Allorhynchium sp. YN mitochondrion, complete genome	Allorhynchium sp. YN	0	1	28	5773	5746
0	28	28	56.0	100.000	28	6.75e-05	0	0	100	100	Trachyaphthona latispina voucher BMNH846651 cytochrome c oxidase subunit I (COI) gene, partial cds; mitochondrial	Trachyaphthona latispina	0	1	28	182	155
0	28	28	56.0	100.000	28	6.75e-05	0	0	100	100	Galerucinae sp. JGZ-121 mitochondrial partial COI gene for cytochrome oxidase subunit 1, specimen voucher IBE-JGZ-3157	Galerucinae sp. JGZ-121	0	1	28	258	231
0	28	28	56.0	100.000	28	6.75e-05	0	0	100	100	Galerucinae sp. JGZ-121 mitochondrial partial COI gene for cytochrome oxidase subunit 1, specimen voucher IBE-JGZ-3105	Galerucinae sp. JGZ-121	0	1	28	172	145
0	28	28	56.0	100.000	28	6.75e-05	0	0	100	100	Galerucinae sp. JGZ-121 mitochondrial partial COI gene for cytochrome oxidase subunit 1, specimen voucher IBE-JGZ-3008	Galerucinae sp. JGZ-121	0	1	28	237	210
0	28	28	56.0	100.000	28	6.75e-05	0	0	100	100	Atta texana mitochondrion, complete genome	Atta texana	0	1	28	3927	3900
0	28	28	56.0	100.000	28	6.75e-05	0	0	100	100	Aphthona melancholica mitochondrion	Aphthona melancholica	0	1	28	348	321
0	28	28	56.0	100.000	28	6.75e-05	0	0	100	100	Chrysolina americana mitochondrion, partial genome	Chrysolina americana	0	1	28	37	10
0	28	28	56.0	100.000	28	6.75e-05	0	0	100	100	Chrysolina polita mitochondrion, partial genome	Chrysolina polita	0	1	28	2301	2274
1	28	28	56.0	100.000	28	6.75e-05	0	0	100	100	Idiosepius sp. NEH-2013 mitochondrion, complete genome	N/A	0	1	28	4480	4507
1	28	28	56.0	100.000	28	6.75e-05	0	0	100	100	Polistes tenebricosus cytochrome oxidase I (COI) gene, partial cds; mitochondrial gene for mitochondrial product	Polistes tenebricosus	0	1	28	136	163
1	28	28	56.0	100.000	28	6.75e-05	0	0	100	100	Monolepta occifluvis mitochondrion, complete genome	Monolepta occifluvis	0	1	28	2385	2358
1	28	28	56.0	100.000	28	6.75e-05	0	0	100	100	Trachusa larreae voucher 1142 cytochrome oxidase subunit 1 (CO1) gene, partial cds; mitochondrial	Trachusa larreae	0	1	28	722	695
1	28	28	56.0	100.000	28	6.75e-05	0	0	100	100	Thygater sp. JS-2019 voucher sc200 cytochrome oxidase subunit 1 (CO1) gene, partial cds; mitochondrial	Thygater sp. JS-2019	0	1	28	722	695
1	28	28	56.0	100.000	28	6.75e-05	0	0	100	100	Mesocheira bicolor voucher sc118 cytochrome oxidase subunit 1 (CO1) gene, partial cds; mitochondrial	Mesocheira bicolor	0	1	28	716	689
1	28	28	56.0	100.000	28	6.75e-05	0	0	100	100	Melitoma sp. JS-2019 voucher sc77 cytochrome oxidase subunit 1 (CO1) gene, partial cds; mitochondrial	Melitoma sp. JS-2019	0	1	28	683	656
1	28	28	56.0	100.000	28	6.75e-05	0	0	100	100	Epiclopus gayi voucher 1362 cytochrome oxidase subunit 1 (CO1) gene, partial cds; mitochondrial	Epiclopus gayi	0	1	28	696	669
1	28	28	56.0	100.000	28	6.75e-05	0	0	100	100	Sturnidoecus sp. StuTurPel isolate COIStuTurPel cytochrome oxidase subunit I gene, partial cds; mitochondrial	Sturnidoecus sp. StuTurPel	0	1	28	249	222
1	28	28	56.0	100.000	28	6.75e-05	0	0	100	100	Sturnidoecus sp. Cameroon B457 cytochrome oxidase subunit I (COI) gene, partial cds; mitochondrial	Sturnidoecus sp. Cameroon B457	0	1	28	249	222
2	28	28	56.0	100.000	28	6.75e-05	0	0	100	100	Anoplophora horsfieldi mitochondrion, complete genome	Anoplophora horsfieldi	0	1	28	12259	12286
2	28	28	56.0	100.000	28	6.75e-05	0	0	100	100	Allorhynchium sp. GX mitochondrion, complete genome	Allorhynchium sp. GX	0	1	28	5244	5217
2	28	28	56.0	100.000	28	6.75e-05	0	0	100	100	Lasioglossum orbatum isolate TA358 cytochrome c oxidase subunit 1 (COI) gene, partial cds; mitochondrial	Lasioglossum orbatum	0	1	28	258	231
2	28	28	56.0	100.000	28	6.75e-05	0	0	100	100	Hoplosmia scutellaris voucher 1280 cytochrome oxidase subunit 1 (CO1) gene, partial cds; mitochondrial	Hoplosmia scutellaris	0	1	28	722	695
2	28	28	56.0	100.000	28	6.75e-05	0	0	100	100	Ammobatoides radoszkowskii voucher sc240 cytochrome oxidase subunit 1 (CO1) gene, partial cds; mitochondrial	Ammobatoides radoszkowskii	0	1	28	717	690
2	28	28	56.0	100.000	28	6.75e-05	0	0	100	100	Diorhabda carinulata mitochondrion, complete genome	Diorhabda carinulata	0	1	28	3820	3793
2	28	28	56.0	100.000	28	6.75e-05	0	0	100	100	Diorhabda carinata mitochondrion, complete genome	Diorhabda carinata	0	1	28	3744	3717
2	28	28	56.0	100.000	28	6.75e-05	0	0	100	100	Alcedoecus senegalensis voucher Alsp.Hasen.8.27.2014.6 cytochrome oxidase subunit I gene, partial cds; mitochondrial	Alcedoecus senegalensis	0	1	28	252	225
2	28	28	56.0	100.000	28	6.75e-05	0	0	100	100	Alcedoecus senegalensis voucher Alsp.Hasen.8.27.2014.11 cytochrome oxidase subunit I gene, partial cds; mitochondrial	Alcedoecus senegalensis	0	1	28	252	225
2	28	28	56.0	100.000	28	6.75e-05	0	0	100	100	Alcedoecus senegalensis voucher Alsp.Hasen.7.1.2014.14 cytochrome oxidase subunit I gene, partial cds; mitochondrial	Alcedoecus senegalensis	0	1	28	250	223
3	28	28	56.0	100.000	28	6.75e-05	0	0	100	100	Poecilobdella manillensis voucher CUMZ 3406 (NK2) cytochrome c oxidase subunit I (COX1) gene, partial cds; mitochondrial	Poecilobdella manillensis	0	1	28	926	899
3	28	28	56.0	100.000	28	6.75e-05	0	0	100	100	PREDICTED: Osmia lignaria cytochrome c oxidase subunit 1-like (LOC117611527), partial mRNA	Osmia lignaria	0	1	28	641	614
3	28	28	56.0	100.000	28	6.75e-05	0	0	100	100	Apis mellifera anatoliaca mitochondrion, complete genome	Apis mellifera anatoliaca	0	1	28	2762	2735
3	28	28	56.0	100.000	28	6.75e-05	0	0	100	100	Phaenopharos khaoyaiensis isolate YZ22 cytochrome c oxidase subunit I (COX1) gene, partial cds; mitochondrial	Phaenopharos khaoyaiensis	0	1	28	227	200
3	28	28	56.0	100.000	28	6.75e-05	0	0	100	100	Mammilla kurodai mitochondrion, complete genome	Mammilla kurodai	0	1	28	965	938
3	28	28	56.0	100.000	28	6.75e-05	0	0	100	100	Mammilla kurodai mitochondrion, complete genome	Mammilla kurodai	0	1	28	965	938
3	28	28	56.0	100.000	28	6.75e-05	0	0	100	100	Apis mellifera ruttneri mitochondrion, complete genome	Apis mellifera ruttneri	0	1	28	2775	2748
3	28	28	56.0	100.000	28	6.75e-05	0	0	100	100	Apis mellifera jemenitica mitochondrion, complete genome	Apis mellifera jemenitica	0	1	28	2769	2742
3	28	28	56.0	100.000	28	6.75e-05	0	0	100	100	Apis mellifera caucasica mitochondrion, complete genome	Apis mellifera caucasica	0	1	28	2762	2735
3	28	28	56.0	100.000	28	6.75e-05	0	0	100	100	Gastrophysa viridula isolate 2 cytochrome c oxidase subunit I (COI) gene, partial cds; mitochondrial	Gastrophysa viridula	0	1	28	851	824
4	28	28	56.0	100.000	28	6.75e-05	0	0	100	100	Cuterebra sp. 146864 cytochrome oxidase subunit I (COI) gene, partial cds; mitochondrial	Cuterebra sp. 146864;Cuterebra sp. 146866	0	1	28	227	254
4	28	28	56.0	100.000	28	6.75e-05	0	0	100	100	Cuterebra sp. 146873 cytochrome oxidase subunit I (COI) gene, partial cds; mitochondrial	Cuterebra sp. 146873	0	1	28	225	252
4	28	28	56.0	100.000	28	6.75e-05	0	0	100	100	Cuterebra sp. 146868 cytochrome oxidase subunit I (COI) gene, partial cds; mitochondrial	Cuterebra sp. 146868	0	1	28	228	255
4	28	28	56.0	100.000	28	6.75e-05	0	0	100	100	Cuterebra sp. 146862 cytochrome oxidase subunit I (COI) gene, partial cds; mitochondrial	Cuterebra sp. 146862	0	1	28	225	252
4	28	28	56.0	100.000	28	6.75e-05	0	0	100	100	Cuterebra emasculator voucher 146690 cytochrome oxidase subunit I (COI) gene, partial cds; mitochondrial	Cuterebra emasculator	0	1	28	228	255
4	28	28	56.0	100.000	28	6.75e-05	0	0	100	100	Cuterebra emasculator voucher 146688 cytochrome oxidase subunit I (COI) gene, partial cds; mitochondrial	Cuterebra emasculator	0	1	28	228	255
4	28	28	56.0	100.000	28	6.75e-05	0	0	100	100	Cuterebra sp. 114117 cytochrome oxidase subunit I (COI) gene, partial cds; mitochondrial	Cuterebra sp. 114117	0	1	28	226	253
4	28	28	56.0	100.000	28	6.75e-05	0	0	100	100	Cuterebra sp. 114115 cytochrome oxidase subunit I (COI) gene, partial cds; mitochondrial	Cuterebra sp. 114115	0	1	28	227	254
4	28	28	56.0	100.000	28	6.75e-05	0	0	100	100	Cuterebra grisea voucher 159128 cytochrome oxidase subunit I (COI) gene, partial cds; mitochondrial	Cuterebra grisea	0	1	28	224	251
4	28	28	56.0	100.000	28	6.75e-05	0	0	100	100	Cuterebra sp. 159119 cytochrome oxidase subunit I (COI) gene, partial cds; mitochondrial	Cuterebra sp. 159119	0	1	28	40	67
5	28	28	56.0	100.000	28	6.75e-05	0	0	100	100	Psyra bluethgeni voucher JKDD0039 cytochrome oxidase subunit 1 (COI) gene, partial cds; mitochondrial	Psyra bluethgeni	0	1	28	145	118
5	28	28	56.0	100.000	28	6.75e-05	0	0	100	100	Chasmogenus acuminatus voucher SLE1623 cytochrome c oxidase subunit I (COX1) gene, partial cds; mitochondrial	Chasmogenus acuminatus	0	1	28	236	209
5	28	28	56.0	100.000	28	6.75e-05	0	0	100	100	Chasmogenus acuminatus voucher SLE1086 cytochrome c oxidase subunit I (COX1) gene, partial cds; mitochondrial	Chasmogenus acuminatus	0	1	28	236	209
5	28	28	56.0	100.000	28	6.75e-05	0	0	100	100	Chasmogenus undulatus voucher SLE1833 cytochrome c oxidase subunit I (COX1) gene, partial cds; mitochondrial	Chasmogenus undulatus	0	1	28	236	209
5	28	28	56.0	100.000	28	6.75e-05	0	0	100	100	Chasmogenus undulatus voucher SLE1618 cytochrome c oxidase subunit I (COX1) gene, partial cds; mitochondrial	Chasmogenus undulatus	0	1	28	227	200
5	28	28	56.0	100.000	28	6.75e-05	0	0	100	100	Chasmogenus undulatus voucher SLE1831 cytochrome c oxidase subunit I (COX1) gene, partial cds; mitochondrial	Chasmogenus undulatus	0	1	28	236	209
5	28	28	56.0	100.000	28	6.75e-05	0	0	100	100	Chasmogenus undulatus voucher SLE1832 cytochrome c oxidase subunit I (COX1) gene, partial cds; mitochondrial	Chasmogenus undulatus	0	1	28	236	209
5	28	28	56.0	100.000	28	6.75e-05	0	0	100	100	Palpita nigropunctalis mitochondrion, complete genome	Palpita nigropunctalis	0	1	28	2435	2408
5	28	28	56.0	100.000	28	6.75e-05	0	0	100	100	Stathmopoda auriferella voucher NKU-WQY0073 cytochrome c oxidase subunit I (COI) gene, partial cds; mitochondrial	Stathmopoda auriferella	0	1	28	928	901
5	28	28	56.0	100.000	28	6.75e-05	0	0	100	100	Lecithocera sp. NKU WQY0066 voucher NKU-WQY0066 cytochrome c oxidase subunit I (COI) gene, partial cds; mitochondrial	Lecithocera sp. NKU WQY0066	0	1	28	928	901
6	28	28	56.0	100.000	28	6.75e-05	0	0	100	100	Megastigmus manonae isolate HE228M885 voucher HE228 cytochrome c oxidase subunit I (COI) gene, partial cds; mitochondrial	Megastigmus manonae	0	1	28	638	611
6	28	28	56.0	100.000	28	6.75e-05	0	0	100	100	Megastigmus manonae isolate HE125M1145 voucher HE125 cytochrome c oxidase (COI) gene, partial cds; mitochondrial	Megastigmus manonae	0	1	28	898	871
6	28	28	56.0	100.000	28	6.75e-05	0	0	100	100	Periacma aduncata voucher NKU-WQY0025 cytochrome c oxidase subunit I (COI) gene, partial cds; mitochondrial	Periacma aduncata	0	1	28	928	901
6	28	28	56.0	100.000	28	6.75e-05	0	0	100	100	Pachyrhamma edwardsii isolate CW746 cytochrome oxidase subunit I (COI) gene, partial cds; mitochondrial	Pachyrhamma edwardsii	0	1	28	874	847
6	28	28	56.0	100.000	28	6.75e-05	0	0	100	100	Aethina tumida isolate Changhua cytochrome c oxidase subunit I (COX1) gene, partial cds; mitochondrial	Aethina tumida	0	1	28	512	485
6	28	28	56.0	100.000	28	6.75e-05	0	0	100	100	Aethina tumida isolate Qiongzhong cytochrome c oxidase subunit I (COX1) gene, partial cds; mitochondrial	Aethina tumida	0	1	28	512	485
6	28	28	56.0	100.000	28	6.75e-05	0	0	100	100	Graphium parus mitochondrion, complete genome	Graphium parus	0	1	28	2408	2381
6	28	28	56.0	100.000	28	6.75e-05	0	0	100	100	Eulasia genei voucher BMNH:834237 cytochrome c oxidase subunit 1 (cox1) gene, partial cds; mitochondrial	Eulasia genei	0	1	28	258	231
6	28	28	56.0	100.000	28	6.75e-05	0	0	100	100	Dermestes frischii isolate DFM cytochrome c oxidase subunit I (COX1) gene, partial cds; mitochondrial	Dermestes frischii	0	1	28	533	506
6	28	28	56.0	100.000	28	6.75e-05	0	0	100	100	Dendrochiton gothicus voucher CSUF_DNA_DE_de1499 mitochondrion, complete genome	Dendrochiton gothicus	0	1	28	965	938
7	28	28	56.0	100.000	28	6.75e-05	0	0	100	100	Songthela xiangnan voucher XUX-2011-063 cytochrome c oxidase subunit I (COX1) gene, partial cds; mitochondrial	Songthela xiangnan	0	1	28	941	914
7	28	28	56.0	100.000	28	6.75e-05	0	0	100	100	Pieris cheiranthi voucher MW17001 cytochrome c oxidase subunit I (COI) gene, partial cds; tRNA-Leu (trnL) gene, complete sequence; and cytochrome c oxidase subunit II (COII) gene, partial cds; mitochondrial	Pieris cheiranthi	0	1	28	927	900
7	28	28	56.0	100.000	28	6.75e-05	0	0	100	100	Iolana iolas voucher MW15008 cytochrome c oxidase subunit I (COI) gene, partial cds; tRNA-Leu (trnL) gene, complete sequence; and cytochrome c oxidase subunit II (COII) gene, complete cds; mitochondrial	Iolana iolas	0	1	28	927	900
7	28	28	56.0	100.000	28	6.75e-05	0	0	100	100	Hipparchia wyssii voucher JG15001 cytochrome c oxidase subunit I (COI) and cytochrome c oxidase subunit II (COII) genes, partial cds; mitochondrial	Hipparchia wyssii	0	1	28	927	900
7	28	28	56.0	100.000	28	6.75e-05	0	0	100	100	Hipparchia miguelensis voucher XM01002 cytochrome c oxidase subunit I (COI) gene, partial cds; mitochondrial	Hipparchia miguelensis	0	1	28	676	649
7	28	28	56.0	100.000	28	6.75e-05	0	0	100	100	Hipparchia maderensis voucher MW16017 cytochrome c oxidase subunit I (COI) gene, partial cds; mitochondrial	Hipparchia maderensis	0	1	28	902	875
7	28	28	56.0	100.000	28	6.75e-05	0	0	100	100	Hipparchia azorina voucher MW16004 cytochrome c oxidase subunit I (COI) gene, partial cds; tRNA-Leu (trnL) gene, complete sequence; and cytochrome c oxidase subunit II (COII) gene, partial cds; mitochondrial	Hipparchia azorina	0	1	28	902	875
7	28	28	56.0	100.000	28	6.75e-05	0	0	100	100	Pieris brassicae voucher NW17724 cytochrome c oxidase subunit 1 (COI) gene, partial cds; mitochondrial	Pieris brassicae	0	1	28	927	900
7	28	28	56.0	100.000	28	6.75e-05	0	0	100	100	Hipparchia volgensis voucher JL8_28 cytochrome c oxidase subunit 1 (COI) gene, partial cds; mitochondrial	Hipparchia volgensis	0	1	28	927	900
7	28	28	56.0	100.000	28	6.75e-05	0	0	100	100	Hipparchia sbordonii voucher JL24_02 cytochrome c oxidase subunit 1 (COI) gene, partial cds; mitochondrial	Hipparchia sbordonii	0	1	28	873	846
8	28	28	56.0	100.000	28	6.75e-05	0	0	100	100	Parathailocyba orla mitochondrion, complete genome	Parathailocyba orla	0	1	28	2340	2313
8	28	28	56.0	100.000	28	6.75e-05	0	0	100	100	Lasioglossum bucculum isolate TA026.3 cytochrome c oxidase subunit 1 (COI) gene, partial cds; mitochondrial	Lasioglossum bucculum	0	1	28	258	231
8	28	28	56.0	100.000	28	6.75e-05	0	0	100	100	Lasioglossum bucculum isolate TA026.2 cytochrome c oxidase subunit 1 (COI) gene, partial cds; mitochondrial	Lasioglossum bucculum	0	1	28	258	231
8	28	28	56.0	100.000	28	6.75e-05	0	0	100	100	Lasioglossum bucculum isolate TA026.1 cytochrome c oxidase subunit 1 (COI) gene, partial cds; mitochondrial	Lasioglossum bucculum	0	1	28	258	231
8	28	28	56.0	100.000	28	6.75e-05	0	0	100	100	Leiopodus trochantericus voucher sc249 cytochrome oxidase subunit 1 (CO1) gene, partial cds; mitochondrial	Leiopodus trochantericus	0	1	28	722	695
8	28	28	56.0	100.000	28	6.75e-05	0	0	100	100	Phymateus morbillosus mitochondrion	Phymateus morbillosus	0	1	28	2389	2362
8	28	28	56.0	100.000	28	6.75e-05	0	0	100	100	Leucochrysa cruentata cytochrome oxidase subunit I gene, partial cds; mitochondrial	Leucochrysa cruentata	0	1	28	253	226
8	28	28	56.0	100.000	28	6.75e-05	0	0	100	100	Alienobostra brocki cytochrome oxidase subunit I (COI) gene, partial cds; mitochondrial	Alienobostra brocki	0	1	28	212	185
8	28	28	56.0	100.000	28	6.75e-05	0	0	100	100	Sycophaga sycomori voucher 1932_0302 cytochrome oxidase subunit I (COI) gene, partial cds; mitochondrial	Sycophaga sycomori	0	1	28	881	854
8	28	28	56.0	100.000	28	6.75e-05	0	0	100	100	Agapanthia daurica mitochondrion, partial genome	Agapanthia daurica	0	1	28	2197	2170
9	28	28	56.0	100.000	28	6.75e-05	0	0	100	100	Archetypus frenchi mitochondrion, partial genome	Archetypus frenchi	0	1	28	2401	2374
9	28	28	56.0	100.000	28	6.75e-05	0	0	100	100	Eboraphyllus middletoni mitochondrion, partial genome	Eboraphyllus middletoni	0	1	28	2393	2366
9	28	28	56.0	100.000	28	6.75e-05	0	0	100	100	Geoffmonteithia queenslanda mitochondrion, partial genome	Geoffmonteithia queenslanda	0	1	28	2396	2369
9	28	28	56.0	100.000	28	6.75e-05	0	0	100	100	Neolarra orbiculata voucher 1379 cytochrome oxidase subunit 1 (CO1) gene, partial cds; mitochondrial	Neolarra orbiculata	0	1	28	695	668
9	28	28	56.0	100.000	28	6.75e-05	0	0	100	100	Exomalopsis sp. JS-2019 voucher sc253 cytochrome oxidase subunit 1 (CO1) gene, partial cds; mitochondrial	Exomalopsis sp. JS-2019	0	1	28	722	695
9	28	28	56.0	100.000	28	6.75e-05	0	0	100	100	Ericrocis lata voucher 616 cytochrome oxidase subunit 1 (CO1) gene, partial cds; mitochondrial	Ericrocis lata	0	1	28	719	692
9	28	28	56.0	100.000	28	6.75e-05	0	0	100	100	Caenoprosopina holmbergi voucher sc213 cytochrome oxidase subunit 1 (CO1) gene, partial cds; mitochondrial	Caenoprosopina holmbergi	0	1	28	719	692
9	28	28	56.0	100.000	28	6.75e-05	0	0	100	100	Amphiphasma sp. Ma58 cytochrome oxidase subunit 1 (COI) gene, partial cds; mitochondrial	Amphiphasma sp. Ma58	0	1	28	209	182
9	28	28	56.0	100.000	28	6.75e-05	0	0	100	100	Amphiphasma sp. Ma12 cytochrome oxidase subunit 1 (COI) gene, partial cds; mitochondrial	Amphiphasma sp. Ma12	0	1	28	209	182
9	28	28	56.0	100.000	28	6.75e-05	0	0	100	100	Galerucinae sp. 5 ACP-2013 mitochondrion	Galerucinae sp. 5 ACP-2013	0	1	28	5438	5411
10	28	28	56.0	100.000	28	6.75e-05	0	0	100	100	Lasioglossum littorale isolate ID221 cytochrome oxidase subunit I (COI) gene, partial cds; mitochondrial	Lasioglossum littorale	0	1	28	149	122
10	28	28	56.0	100.000	28	6.75e-05	0	0	100	100	Asceles tanarata singapura isolate YZ1 cytochrome c oxidase subunit I (COX1) gene, partial cds; mitochondrial	Asceles tanarata singapura	0	1	28	218	191
10	28	28	56.0	100.000	28	6.75e-05	0	0	100	100	Asceles tanarata singapura isolate YZ3 cytochrome c oxidase subunit I (COX1) gene, partial cds; mitochondrial	Asceles tanarata singapura	0	1	28	227	200
10	28	28	56.0	100.000	28	6.75e-05	0	0	100	100	Asceles tanarata singapura isolate YZ4 cytochrome c oxidase subunit I (COX1) gene, partial cds; mitochondrial	Asceles tanarata singapura	0	1	28	227	200
10	28	28	56.0	100.000	28	6.75e-05	0	0	100	100	Asceles tanarata singapura isolate YZ5 cytochrome c oxidase subunit I (COX1) gene, partial cds; mitochondrial	Asceles tanarata singapura	0	1	28	116	89
10	28	28	56.0	100.000	28	6.75e-05	0	0	100	100	Parectatosoma hystrix strain SB0157 cytochrome oxidase subunit I (COI) gene, partial cds; mitochondrial	Parectatosoma hystrix	0	1	28	218	191
10	28	28	56.0	100.000	28	6.75e-05	0	0	100	100	Bombus sp. 1 BM-2019 voucher FDP0016 cytochrome oxidase subunit 1 (COI) gene, partial cds; mitochondrial	Bombus sp. 1 BM-2019	0	1	28	737	710
10	28	28	56.0	100.000	28	6.75e-05	0	0	100	100	Neopasites cressoni voucher sc195 cytochrome oxidase subunit 1 (CO1) gene, partial cds; mitochondrial	Neopasites cressoni	0	1	28	685	658
10	28	28	56.0	100.000	28	6.75e-05	0	0	100	100	Epeoloides coecutiens voucher sc245 cytochrome oxidase subunit 1 (CO1) gene, partial cds; mitochondrial	Epeoloides coecutiens	0	1	28	722	695
10	28	28	56.0	100.000	28	6.75e-05	0	0	100	100	Biastes truncatus voucher sc241 cytochrome oxidase subunit 1 (CO1) gene, partial cds; mitochondrial	Biastes truncatus	0	1	28	722	695
11	28	28	56.0	100.000	28	6.75e-05	0	0	100	100	Vespula germanica isolate SP5 cytochrome c oxidase subunit 1 (COX1) gene, partial cds; mitochondrial	Vespula germanica	0	1	28	200	173
11	28	28	56.0	100.000	28	6.75e-05	0	0	100	100	Vespula germanica isolate SA11 cytochrome c oxidase subunit 1 (COX1) gene, partial cds; mitochondrial	Vespula germanica	0	1	28	200	173
11	28	28	56.0	100.000	28	6.75e-05	0	0	100	100	Vespula germanica isolate SA25 cytochrome c oxidase subunit 1 (COX1) gene, partial cds; mitochondrial	Vespula germanica	0	1	28	200	173
11	28	28	56.0	100.000	28	6.75e-05	0	0	100	100	Vespula germanica isolate FR26 cytochrome c oxidase subunit 1 (COX1) gene, partial cds; mitochondrial	Vespula germanica	0	1	28	200	173
11	28	28	56.0	100.000	28	6.75e-05	0	0	100	100	Pylaemenes sp. YZ19 cytochrome c oxidase subunit I (COX1) gene, partial cds; mitochondrial	Pylaemenes sp. YZ19	0	1	28	194	167
11	28	28	56.0	100.000	28	6.75e-05	0	0	100	100	Hermerius prionoides mitochondrion, partial genome	Hermerius prionoides	0	1	28	2408	2381
11	28	28	56.0	100.000	28	6.75e-05	0	0	100	100	Rhipidocerus australasiae mitochondrion, partial genome	Rhipidocerus australasiae	0	1	28	2383	2356
11	28	28	56.0	100.000	28	6.75e-05	0	0	100	100	Oxytauchira brachyptera mitochondrion, complete genome	Oxytauchira brachyptera	0	1	28	2392	2365
11	28	28	56.0	100.000	28	6.75e-05	0	0	100	100	Xiangelilacris zhongdianensis mitochondrion, complete genome	Xiangelilacris zhongdianensis	0	1	28	2397	2370
11	28	28	56.0	100.000	28	6.75e-05	0	0	100	100	Oxytauchira brachyptera mitochondrion, complete genome	Oxytauchira brachyptera	0	1	28	2392	2365
12	28	28	56.0	100.000	28	6.75e-05	0	0	100	100	Platypleura sp. 01 (MHV-051) cytochrome oxidase subunit I (CO1) gene, partial cds; mitochondrial	Platypleura sp. 01 MHV-2009	0	1	28	59	32
12	26	26	52.0	100.000	26	0.001	0	0	93	93	Aspergillus puniceus strain ATHUM 5434 cytochrome oxidase subunit 1 (cox1) gene, partial cds; mitochondrial	Aspergillus puniceus	0	1	26	547	522
12	28	24	48.1	96.429	27	0.016	0	0	100	100	Parathailocyba orla mitochondrion, complete genome	Parathailocyba orla	1	1	28	2340	2313
12	28	24	48.1	96.429	27	0.016	0	0	100	100	Trisetacus bioti isolate d78 cytochrome c oxidase subunit I (COX1) gene, partial cds; mitochondrial	Trisetacus bioti	1	1	28	926	899
12	28	24	48.1	96.429	27	0.016	0	0	100	100	Trisetacus bioti isolate d34 cytochrome c oxidase subunit I (COX1) gene, partial cds; mitochondrial	Trisetacus bioti	1	1	28	926	899
12	28	24	48.1	96.429	27	0.016	0	0	100	100	Microgaster campestris mitochondrion, partial genome	Microgaster campestris	1	1	28	908	881
12	28	24	48.1	96.429	27	0.016	0	0	100	100	Lepanus dichrous isolate COL1106 cytochrome oxidase subunit 1 (COI) gene, partial cds; mitochondrial	Lepanus dichrous	1	1	28	218	191
12	28	24	48.1	96.429	27	0.016	0	0	100	100	Mylothris poppea voucher HWG1_203 cytochrome c oxidase subunit 1 (COI) gene, partial cds; mitochondrial	Mylothris poppea	1	1	28	920	893
12	28	24	48.1	96.429	27	0.016	0	0	100	100	Mylothris poppea voucher HWG1_102 cytochrome c oxidase subunit 1 (COI) gene, partial cds; mitochondrial	Mylothris poppea	1	1	28	880	853
12	28	24	48.1	96.429	27	0.016	0	0	100	100	Ablabus truncatus isolate ZOPH486 cytochrome c oxidase subunit 1 (COI) gene, partial cds; mitochondrial	Ablabus truncatus	1	1	28	214	187
13	28	28	56.0	100.000	28	6.75e-05	0	0	100	100	Aspergillus puniceus strain ATHUM 5434 cytochrome oxidase subunit 1 (cox1) gene, partial cds; mitochondrial	Aspergillus puniceus	0	1	28	547	520
13	26	26	52.0	100.000	26	0.001	0	0	93	93	Platypleura sp. 01 (MHV-051) cytochrome oxidase subunit I (CO1) gene, partial cds; mitochondrial	Platypleura sp. 01 MHV-2009	0	1	26	59	34
13	28	24	48.1	96.429	27	0.016	0	0	100	100	Psyra bluethgeni voucher JKDD0039 cytochrome oxidase subunit 1 (COI) gene, partial cds; mitochondrial	Psyra bluethgeni	1	1	28	145	118
13	28	24	48.1	96.429	27	0.016	0	0	100	100	Chasmogenus acuminatus voucher SLE1623 cytochrome c oxidase subunit I (COX1) gene, partial cds; mitochondrial	Chasmogenus acuminatus	1	1	28	236	209
13	28	24	48.1	96.429	27	0.016	0	0	100	100	Chasmogenus acuminatus voucher SLE1086 cytochrome c oxidase subunit I (COX1) gene, partial cds; mitochondrial	Chasmogenus acuminatus	1	1	28	236	209
13	28	24	48.1	96.429	27	0.016	0	0	100	100	Chasmogenus undulatus voucher SLE1833 cytochrome c oxidase subunit I (COX1) gene, partial cds; mitochondrial	Chasmogenus undulatus	1	1	28	236	209
13	28	24	48.1	96.429	27	0.016	0	0	100	100	Chasmogenus undulatus voucher SLE1618 cytochrome c oxidase subunit I (COX1) gene, partial cds; mitochondrial	Chasmogenus undulatus	1	1	28	227	200
13	28	24	48.1	96.429	27	0.016	0	0	100	100	Chasmogenus undulatus voucher SLE1831 cytochrome c oxidase subunit I (COX1) gene, partial cds; mitochondrial	Chasmogenus undulatus	1	1	28	236	209
13	28	24	48.1	96.429	27	0.016	0	0	100	100	Chasmogenus undulatus voucher SLE1832 cytochrome c oxidase subunit I (COX1) gene, partial cds; mitochondrial	Chasmogenus undulatus	1	1	28	236	209
13	28	24	48.1	96.429	27	0.016	0	0	100	100	Palpita nigropunctalis mitochondrion, complete genome	Palpita nigropunctalis	1	1	28	2435	2408
14	25	25	50.1	100.000	25	0.004	0	0	89	89	Homocaligus sp. AD1913 voucher UMMZ BMOC 15-0717-001 AD1913 cytochrome oxidase subunit I (COXI) gene, partial cds; mitochondrial	Homocaligus sp. AD1913	0	4	28	925	901
14	25	25	50.1	100.000	25	0.004	0	0	89	89	Homocaligus sp. X-BIOTU Hom-1 cytochrome c oxidase subunit I (COX1) gene, partial cds; mitochondrial	Homocaligus sp. X-BIOTU Hom-1	0	4	28	899	875
14	28	24	48.1	96.429	27	0.016	0	0	100	100	Megastigmus manonae isolate HE228M885 voucher HE228 cytochrome c oxidase subunit I (COI) gene, partial cds; mitochondrial	Megastigmus manonae	1	1	28	638	611
14	28	24	48.1	96.429	27	0.016	0	0	100	100	Megastigmus manonae isolate HE125M1145 voucher HE125 cytochrome c oxidase (COI) gene, partial cds; mitochondrial	Megastigmus manonae	1	1	28	898	871
14	28	24	48.1	96.429	27	0.016	0	0	100	100	Periacma aduncata voucher NKU-WQY0025 cytochrome c oxidase subunit I (COI) gene, partial cds; mitochondrial	Periacma aduncata	1	1	28	928	901
14	28	24	48.1	96.429	27	0.016	0	0	100	100	Pachyrhamma edwardsii isolate CW746 cytochrome oxidase subunit I (COI) gene, partial cds; mitochondrial	Pachyrhamma edwardsii	1	1	28	874	847
14	28	24	48.1	96.429	27	0.016	0	0	100	100	Aethina tumida isolate Changhua cytochrome c oxidase subunit I (COX1) gene, partial cds; mitochondrial	Aethina tumida	1	1	28	512	485
14	28	24	48.1	96.429	27	0.016	0	0	100	100	Aethina tumida isolate Qiongzhong cytochrome c oxidase subunit I (COX1) gene, partial cds; mitochondrial	Aethina tumida	1	1	28	512	485
14	28	24	48.1	96.429	27	0.016	0	0	100	100	Graphium parus mitochondrion, complete genome	Graphium parus	1	1	28	2408	2381
14	28	24	48.1	96.429	27	0.016	0	0	100	100	Eulasia genei voucher BMNH:834237 cytochrome c oxidase subunit 1 (cox1) gene, partial cds; mitochondrial	Eulasia genei	1	1	28	258	231
15	25	25	50.1	100.000	25	0.004	0	0	89	89	Trypodendron lineatus voucher CH61 cytochrome oxidase subunit I gene, partial cds; mitochondrial	Trypodendron lineatum	0	4	28	158	134
15	25	25	50.1	100.000	25	0.004	0	0	89	89	Trypodendron lineatus voucher CH54 cytochrome oxidase subunit I gene, partial cds; mitochondrial	Trypodendron lineatum	0	4	28	158	134
15	28	24	48.1	96.429	27	0.016	0	0	100	100	Songthela xiangnan voucher XUX-2011-063 cytochrome c oxidase subunit I (COX1) gene, partial cds; mitochondrial	Songthela xiangnan	1	1	28	941	914
15	28	24	48.1	96.429	27	0.016	0	0	100	100	Lipoptena mazamae isolate Lm.LM1 cytochrome oxidase subunit I (COI) gene, partial cds; mitochondrial	Lipoptena mazamae	1	1	28	176	149
15	28	24	48.1	96.429	27	0.016	0	0	100	100	Pieris cheiranthi voucher MW17001 cytochrome c oxidase subunit I (COI) gene, partial cds; tRNA-Leu (trnL) gene, complete sequence; and cytochrome c oxidase subunit II (COII) gene, partial cds; mitochondrial	Pieris cheiranthi	1	1	28	927	900
15	28	24	48.1	96.429	27	0.016	0	0	100	100	Iolana iolas voucher MW15008 cytochrome c oxidase subunit I (COI) gene, partial cds; tRNA-Leu (trnL) gene, complete sequence; and cytochrome c oxidase subunit II (COII) gene, complete cds; mitochondrial	Iolana iolas	1	1	28	927	900
15	28	24	48.1	96.429	27	0.016	0	0	100	100	Hipparchia wyssii voucher JG15001 cytochrome c oxidase subunit I (COI) and cytochrome c oxidase subunit II (COII) genes, partial cds; mitochondrial	Hipparchia wyssii	1	1	28	927	900
15	28	24	48.1	96.429	27	0.016	0	0	100	100	Hipparchia miguelensis voucher XM01002 cytochrome c oxidase subunit I (COI) gene, partial cds; mitochondrial	Hipparchia miguelensis	1	1	28	676	649
15	28	24	48.1	96.429	27	0.016	0	0	100	100	Hipparchia maderensis voucher MW16017 cytochrome c oxidase subunit I (COI) gene, partial cds; mitochondrial	Hipparchia maderensis	1	1	28	902	875
15	28	24	48.1	96.429	27	0.016	0	0	100	100	Hipparchia azorina voucher MW16004 cytochrome c oxidase subunit I (COI) gene, partial cds; tRNA-Leu (trnL) gene, complete sequence; and cytochrome c oxidase subunit II (COII) gene, partial cds; mitochondrial	Hipparchia azorina	1	1	28	902	875
16	28	28	56.0	100.000	28	6.75e-05	0	0	100	100	Lamiinae sp. 2 ACP-2013 voucher BMNH:1040454 mitochondrion, partial genome	Lamiinae sp. 2 ACP-2013	0	1	28	3127	3100
16	28	28	56.0	100.000	28	6.75e-05	0	0	100	100	Paropsisterna liturata mitochondrial partial COI gene for cytochrome oxidase subunit I	Paropsisterna liturata	0	1	28	247	220
16	28	28	56.0	100.000	28	6.75e-05	0	0	100	100	Chrysolina sturmi mitochondrial partial COI gene for cytochrome oxidase subunit I	Chrysolina sturmi	0	1	28	252	225
16	28	28	56.0	100.000	28	6.75e-05	0	0	100	100	Chrysolina mesatlantica mitochondrial partial COI gene for cytochrome oxidase subunit I	Chrysolina mesatlantica	0	1	28	252	225
16	28	28	56.0	100.000	28	6.75e-05	0	0	100	100	Paropsisterna liturata voucher 196146 cytochrome oxidase subunit I (COI) gene, partial cds; mitochondrial	Paropsisterna liturata	0	1	28	227	200
16	28	28	56.0	100.000	28	6.75e-05	0	0	100	100	Paropsisterna liturata voucher 196145 cytochrome oxidase subunit I (COI) gene, partial cds; mitochondrial	Paropsisterna liturata	0	1	28	128	101
16	28	28	56.0	100.000	28	6.75e-05	0	0	100	100	Paropsisterna liturata voucher 196144 cytochrome oxidase subunit I (COI) gene, partial cds; mitochondrial	Paropsisterna liturata	0	1	28	164	137
16	28	28	56.0	100.000	28	6.75e-05	0	0	100	100	Paropsisterna beata voucher 196147 cytochrome oxidase subunit I (COI) gene, partial cds; mitochondrial	Paropsisterna beata	0	1	28	227	200
16	28	28	56.0	100.000	28	6.75e-05	0	0	100	100	Chrysolina sturmi voucher JAJ106 cytochrome oxidase subunit I (COI) gene, partial cds; mitochondrial	Chrysolina sturmi	0	1	28	227	200
16	28	28	56.0	100.000	28	6.75e-05	0	0	100	100	Platypleura brunea voucher MHV0910 cytochrome c oxidase subunit I (COI) gene, partial cds; mitochondrial	Platypleura brunea	0	1	28	829	802
17	28	28	56.0	100.000	28	6.75e-05	0	0	100	100	Lasioglossum brunnesetum isolate TA300 cytochrome c oxidase subunit 1 (COI) gene, partial cds; mitochondrial	Lasioglossum brunnesetum	0	1	28	258	231
17	28	28	56.0	100.000	28	6.75e-05	0	0	100	100	Lasioglossum brunnesetum isolate TA299 cytochrome c oxidase subunit 1 (COI) gene, partial cds; mitochondrial	Lasioglossum brunnesetum	0	1	28	258	231
17	28	28	56.0	100.000	28	6.75e-05	0	0	100	100	Lasioglossum brunnesetum isolate TA298 cytochrome c oxidase subunit 1 (COI) gene, partial cds; mitochondrial	Lasioglossum brunnesetum	0	1	28	258	231
17	28	28	56.0	100.000	28	6.75e-05	0	0	100	100	Lasioglossum plebeium isolate TA037.2 cytochrome c oxidase subunit 1 (COI) gene, partial cds; mitochondrial	Lasioglossum plebeium	0	1	28	258	231
17	28	28	56.0	100.000	28	6.75e-05	0	0	100	100	Lasioglossum plebeium isolate TA037 cytochrome c oxidase subunit 1 (COI) gene, partial cds; mitochondrial	Lasioglossum plebeium	0	1	28	258	231
17	28	28	56.0	100.000	28	6.75e-05	0	0	100	100	Monochamus sutor mitochondrion, partial genome	Monochamus sutor	0	1	28	2312	2285
17	28	28	56.0	100.000	28	6.75e-05	0	0	100	100	Chrysolina oricalcia genome assembly, chromosome: 18	Chrysolina oricalcia	0	1	28	18545202	18545175
17	17	17	34.2	100.000	17	247	0	0	100	61	Chrysolina oricalcia genome assembly, chromosome: 18	Chrysolina oricalcia	0	4	20	52944876	52944860
17	28	28	56.0	100.000	28	6.75e-05	0	0	100	100	Rhamphosipyloidea philippa isolate SB0123 cytochrome c oxidase subunit I (COX1) gene, partial cds; mitochondrial	Rhamphosipyloidea philippa	0	1	28	194	167
17	28	28	56.0	100.000	28	6.75e-05	0	0	100	100	Rhyparochromidae sp. isolate 20111305 cytochrome c oxidase subunit I (COX1) gene, partial cds; mitochondrial	Rhyparochromidae sp.	0	1	28	902	875
17	28	28	56.0	100.000	28	6.75e-05	0	0	100	100	Hypocyrtus scythrus voucher F_0161 cytochrome c oxidase subunit I (COX1) gene, partial cds; mitochondrial	Hypocyrtus scythrus	0	1	28	248	221
18	28	28	56.0	100.000	28	6.75e-05	0	0	100	100	Platycheirus aff. harrisi ZFMK AHE266 cytochrome c oxidase subunit 1 (COI) gene, partial cds; mitochondrial	Platycheirus aff. harrisi ZFMK AHE266	0	1	28	940	913
18	28	28	56.0	100.000	28	6.75e-05	0	0	100	100	Lasioglossum orbatum isolate TA359 cytochrome c oxidase subunit 1 (COI) gene, partial cds; mitochondrial	Lasioglossum orbatum	0	1	28	258	231
18	28	28	56.0	100.000	28	6.75e-05	0	0	100	100	Lasioglossum clelandi isolate TA303 cytochrome c oxidase subunit 1 (COI) gene, partial cds; mitochondrial	Lasioglossum clelandi	0	1	28	258	231
18	28	28	56.0	100.000	28	6.75e-05	0	0	100	100	Lasioglossum clelandi isolate TA302 cytochrome c oxidase subunit 1 (COI) gene, partial cds; mitochondrial	Lasioglossum clelandi	0	1	28	258	231
18	28	28	56.0	100.000	28	6.75e-05	0	0	100	100	Lasioglossum clelandi isolate TA301 cytochrome c oxidase subunit 1 (COI) gene, partial cds; mitochondrial	Lasioglossum clelandi	0	1	28	258	231
18	28	28	56.0	100.000	28	6.75e-05	0	0	100	100	Anaphothrips obscurus mitochondrion, complete genome	Anaphothrips obscurus	0	1	28	971	944
18	28	28	56.0	100.000	28	6.75e-05	0	0	100	100	Colaspidema barbarum mitochondrion	Colaspidema barbarum	0	1	28	2397	2370
18	28	28	56.0	100.000	28	6.75e-05	0	0	100	100	Chrysolina gemina mitochondrial partial COI gene for cytochrome oxidase subunit I	Chrysolina gemina	0	1	28	252	225
18	28	28	56.0	100.000	28	6.75e-05	0	0	100	100	Colaspidema barbarum voucher BMNH:848211 cytochrome oxidase subunit 1 (COI) gene, partial cds; mitochondrial	Colaspidema barbarum	0	1	28	258	231
18	28	28	56.0	100.000	28	6.75e-05	0	0	100	100	Lamprolina sp. NLG-2014 isolate COL301 cytochrome oxidase subunit 1 (COI) gene, partial cds; mitochondrial	Lamprolina sp. NLG-2014	0	1	28	266	239
19	28	28	56.0	100.000	28	6.75e-05	0	0	100	100	Eurynassa australis mitochondrion, partial genome	Eurynassa australis	0	1	28	2407	2380
19	28	28	56.0	100.000	28	6.75e-05	0	0	100	100	Lasioglossum pulvitectum isolate TA433 cytochrome c oxidase subunit 1 (COI) gene, partial cds; mitochondrial	Lasioglossum pulvitectum	0	1	28	258	231
19	28	28	56.0	100.000	28	6.75e-05	0	0	100	100	Lasioglossum pulvitectum isolate TA432 cytochrome c oxidase subunit 1 (COI) gene, partial cds; mitochondrial	Lasioglossum pulvitectum	0	1	28	258	231
19	28	28	56.0	100.000	28	6.75e-05	0	0	100	100	Lasioglossum pulvitectum isolate TA108 cytochrome c oxidase subunit 1 (COI) gene, partial cds; mitochondrial	Lasioglossum pulvitectum	0	1	28	258	231
19	28	28	56.0	100.000	28	6.75e-05	0	0	100	100	Lasioglossum castor isolate TA027.1 cytochrome c oxidase subunit 1 (COI) gene, partial cds; mitochondrial	Lasioglossum castor	0	1	28	258	231
19	28	28	56.0	100.000	28	6.75e-05	0	0	100	100	Lasioglossum hemichalceum isolate TA022.3 cytochrome c oxidase subunit 1 (COI) gene, partial cds; mitochondrial	Lasioglossum hemichalceum	0	1	28	258	231
19	28	28	56.0	100.000	28	6.75e-05	0	0	100	100	Lasioglossum hemichalceum isolate TA022.2 cytochrome c oxidase subunit 1 (COI) gene, partial cds; mitochondrial	Lasioglossum hemichalceum	0	1	28	258	231
19	28	28	56.0	100.000	28	6.75e-05	0	0	100	100	Lasioglossum hemichalceum isolate TA022.1 cytochrome c oxidase subunit 1 (COI) gene, partial cds; mitochondrial	Lasioglossum hemichalceum	0	1	28	258	231
19	28	28	56.0	100.000	28	6.75e-05	0	0	100	100	Osmia lignaria voucher 1265 cytochrome oxidase subunit 1 (CO1) gene, partial cds; mitochondrial	Osmia lignaria	0	1	28	701	674
19	28	28	56.0	100.000	28	6.75e-05	0	0	100	100	Leptocimbex sp. 1 YY-2019 voucher CSCSHymM02112 cytochrome oxidase subunit 1 gene, partial cds; mitochondrial	Leptocimbex sp. 1 YY-2019	0	1	28	711	684
20	28	28	56.0	100.000	28	6.75e-05	0	0	100	100	Cuerna costalis cytochrome oxidase subunit I gene, partial cds; mitochondrial	Cuerna costalis	0	1	28	538	565
20	28	28	56.0	100.000	28	6.75e-05	0	0	100	100	Coxelus sp. Chile isolate ZOPH562 cytochrome c oxidase subunit 1 (COI) gene, partial cds; mitochondrial	Coxelus sp. Chile	0	1	28	208	181
20	28	28	56.0	100.000	28	6.75e-05	0	0	100	100	Ablabus truncatus isolate ZOPH479 cytochrome c oxidase subunit 1 (COI) gene, partial cds; mitochondrial	Ablabus truncatus	0	1	28	214	187
20	28	28	56.0	100.000	28	6.75e-05	0	0	100	100	Ablabus truncatus isolate ZOPH477 cytochrome c oxidase subunit 1 (COI) gene, partial cds; mitochondrial	Ablabus truncatus	0	1	28	215	188
20	28	28	56.0	100.000	28	6.75e-05	0	0	100	100	Pristoderus crebripennis isolate Zoph179 cytochrome c oxidase subunit 1 (COI) gene, partial cds; mitochondrial	Pristoderus crebripennis	0	1	28	215	188
20	28	28	56.0	100.000	28	6.75e-05	0	0	100	100	Gonipterus pulverulentus strain 44 cytochrome oxidase subunit 1 (COI) gene, partial cds; mitochondrial	Gonipterus pulverulentus	0	1	28	176	149
20	28	28	56.0	100.000	28	6.75e-05	0	0	100	100	Gonipterus pulverulentus strain 43 cytochrome oxidase subunit 1 (COI) gene, partial cds; mitochondrial	Gonipterus pulverulentus	0	1	28	176	149
20	28	28	56.0	100.000	28	6.75e-05	0	0	100	100	Gonipterus pulverulentus strain 42 cytochrome oxidase subunit 1 (COI) gene, partial cds; mitochondrial	Gonipterus pulverulentus	0	1	28	176	149
20	28	28	56.0	100.000	28	6.75e-05	0	0	100	100	Gonipterus pulverulentus strain 41 cytochrome oxidase subunit 1 (COI) gene, partial cds; mitochondrial	Gonipterus pulverulentus	0	1	28	176	149
20	28	28	56.0	100.000	28	6.75e-05	0	0	100	100	Gonipterus pulverulentus strain 40 cytochrome oxidase subunit 1 (COI) gene, partial cds; mitochondrial	Gonipterus pulverulentus	0	1	28	176	149
21	28	28	56.0	100.000	28	6.75e-05	0	0	100	100	Nysius inconspicuus isolate rmn1 cytochrome c oxidase subunit I (COX1) gene, partial cds; mitochondrial	Nysius inconspicuus	0	1	28	899	872
21	28	28	56.0	100.000	28	6.75e-05	0	0	100	100	Meleonoma fascirupta voucher NKU-WQY0029 cytochrome c oxidase subunit I (COI) gene, partial cds; mitochondrial	Meleonoma fascirupta	0	1	28	928	901
21	28	28	56.0	100.000	28	6.75e-05	0	0	100	100	Bactrocera correcta voucher UHIM.ms5816 cytochrome oxidase subunit 1 (COI) gene, partial cds; mitochondrial	Bactrocera correcta	0	1	28	243	216
21	28	28	56.0	100.000	28	6.75e-05	0	0	100	100	Bradysia sp. XQM-2020 mitochondrion	Bradysia sp. XQM-2020	0	1	28	2257	2230
21	28	28	56.0	100.000	28	6.75e-05	0	0	100	100	Tarphiomimus sp. 2 TRB-2020 isolate Zoph710 cytochrome c oxidase subunit 1 (COI) gene, partial cds; mitochondrial	Tarphiomimus sp. 2 TRB-2020	0	1	28	212	185
21	28	28	56.0	100.000	28	6.75e-05	0	0	100	100	Heterargus indentatus isolate ZOPH145 cytochrome c oxidase subunit 1 (COI) gene, partial cds; mitochondrial	Heterargus indentatus	0	1	28	215	188
21	28	28	56.0	100.000	28	6.75e-05	0	0	100	100	Heterargus indentatus isolate ZOPH144 cytochrome c oxidase subunit 1 (COI) gene, partial cds; mitochondrial	Heterargus indentatus	0	1	28	215	188
21	28	28	56.0	100.000	28	6.75e-05	0	0	100	100	Methona singularis voucher BAKU-51 cytochrome oxidase subunit I gene, partial cds; and tRNA-Leu gene, partial sequence; mitochondrial	Methona singularis	0	1	28	951	924
21	28	28	56.0	100.000	28	6.75e-05	0	0	100	100	Curtos bilineatus mitochondrion, complete genome	Curtos bilineatus	0	1	28	2393	2366
21	28	28	56.0	100.000	28	6.75e-05	0	0	100	100	Pseudophylus stundjuki voucher AMNH_PBI 00234872 mitochondrion, partial genome	Pseudophylus stundjuki	0	1	28	2345	2318
22	28	28	56.0	100.000	28	6.75e-05	0	0	100	100	Metathrinca tsugensis voucher NKU-WQY0012 cytochrome c oxidase subunit I (COI) gene, partial cds; mitochondrial	Metathrinca tsugensis	0	1	28	928	901
22	28	28	56.0	100.000	28	6.75e-05	0	0	100	100	Eulasia rittneri voucher BMNH:836924 cytochrome c oxidase subunit 1 (cox1) gene, partial cds; mitochondrial	Eulasia rittneri	0	1	28	258	231
22	28	28	56.0	100.000	28	6.75e-05	0	0	100	100	Bitoma quadricollis isolate ZOPH568 cytochrome c oxidase subunit 1 (COI) gene, partial cds; mitochondrial	Bitoma quadricollis	0	1	28	214	187
22	28	28	56.0	100.000	28	6.75e-05	0	0	100	100	Eucicones marginalis isolate ZOPH559 cytochrome c oxidase subunit 1 (COI) gene, partial cds; mitochondrial	Eucicones marginalis	0	1	28	214	187
22	28	28	56.0	100.000	28	6.75e-05	0	0	100	100	Rytinotus squamulosus isolate ZOPH549 cytochrome c oxidase subunit 1 (COI) gene, partial cds; mitochondrial	Rytinotus squamulosus	0	1	28	215	188
22	28	28	56.0	100.000	28	6.75e-05	0	0	100	100	Rytinotus squamulosus isolate ZOPH548 cytochrome c oxidase subunit 1 (COI) gene, partial cds; mitochondrial	Rytinotus squamulosus	0	1	28	215	188
22	28	28	56.0	100.000	28	6.75e-05	0	0	100	100	Pristoderus reitteri isolate ZOPH443 cytochrome c oxidase subunit 1 (COI) gene, partial cds; mitochondrial	Pristoderus reitteri	0	1	28	215	188
22	28	28	56.0	100.000	28	6.75e-05	0	0	100	100	Rytinotus squamulosus isolate Zoph20b cytochrome c oxidase subunit 1 (COI) gene, partial cds; mitochondrial	Rytinotus squamulosus	0	1	28	215	188
22	28	28	56.0	100.000	28	6.75e-05	0	0	100	100	Nephanes titan mitochondrial partial COI gene for cytochrome oxidase subunit 1, specimen voucher IBE-AN415	Nephanes titan	0	1	28	258	231
22	28	28	56.0	100.000	28	6.75e-05	0	0	100	100	Dorcus hansi mitochondrion, complete genome	Dorcus hansi	0	1	28	2358	2331
23	28	28	56.0	100.000	28	6.75e-05	0	0	100	100	Anopheles cruzii isolate PAC8 cytochrome c oxidase subunit I (COI) gene, partial cds; mitochondrial	Anopheles cruzii	0	1	28	114	87
23	28	28	56.0	100.000	28	6.75e-05	0	0	100	100	Anopheles cruzii isolate PAC7 cytochrome c oxidase subunit I (COI) gene, partial cds; mitochondrial	Anopheles cruzii	0	1	28	114	87
23	28	28	56.0	100.000	28	6.75e-05	0	0	100	100	Anopheles cruzii isolate PAC5 cytochrome c oxidase subunit I (COI) gene, partial cds; mitochondrial	Anopheles cruzii	0	1	28	114	87
23	28	28	56.0	100.000	28	6.75e-05	0	0	100	100	Anopheles cruzii isolate PAC4 cytochrome c oxidase subunit I (COI) gene, partial cds; mitochondrial	Anopheles cruzii	0	1	28	114	87
23	28	28	56.0	100.000	28	6.75e-05	0	0	100	100	Anopheles cruzii isolate PAC1 cytochrome c oxidase subunit I (COI) gene, partial cds; mitochondrial	Anopheles cruzii	0	1	28	114	87
23	28	28	56.0	100.000	28	6.75e-05	0	0	100	100	Anopheles cruzii isolate CA1 cytochrome c oxidase subunit I (COI) gene, partial cds; mitochondrial	Anopheles cruzii	0	1	28	114	87
23	28	28	56.0	100.000	28	6.75e-05	0	0	100	100	Anopheles cruzii isolate C2 cytochrome c oxidase subunit I (COI) gene, partial cds; mitochondrial	Anopheles cruzii	0	1	28	114	87
23	28	28	56.0	100.000	28	6.75e-05	0	0	100	100	Chasmogenus acuminatus voucher SLE1850 cytochrome c oxidase subunit I (COX1) gene, partial cds; mitochondrial	Chasmogenus acuminatus	0	1	28	236	209
23	28	28	56.0	100.000	28	6.75e-05	0	0	100	100	Bombyx mori strain Xian7 mitochondrion, complete genome	Bombyx mori	0	1	28	2455	2428
23	28	28	56.0	100.000	28	6.75e-05	0	0	100	100	Eulasia dilutipennis voucher BMNH:836927 cytochrome c oxidase subunit 1 (cox1) gene, partial cds; mitochondrial	Eulasia dilutipennis	0	1	28	258	231
24	28	28	56.0	100.000	28	6.75e-05	0	0	100	100	Blepephaeus succinctor mitochondrion, complete genome	Blepephaeus succinctor	0	1	28	2375	2348
24	28	28	56.0	100.000	28	6.75e-05	0	0	100	100	Sphenacris crassicornis mitochondrion	Sphenacris crassicornis	0	1	28	2391	2364
24	28	28	56.0	100.000	28	6.75e-05	0	0	100	100	Osedax westernflyer voucher SIO:BIC:7803 cytochrome c oxidase subunit I (COI) gene, partial cds; mitochondrial	Osedax westernflyer	0	1	28	781	754
24	28	28	56.0	100.000	28	6.75e-05	0	0	100	100	Osedax westernflyer voucher SIO:BIC:1645 cytochrome c oxidase subunit I (COI) gene, partial cds; mitochondrial	Osedax westernflyer	0	1	28	781	754
24	28	28	56.0	100.000	28	6.75e-05	0	0	100	100	Osedax westernflyer voucher SIO:BIC:7802 cytochrome c oxidase subunit I (COI) gene, partial cds; mitochondrial	Osedax westernflyer	0	1	28	781	754
24	28	28	56.0	100.000	28	6.75e-05	0	0	100	100	Sphenarium mexicanum voucher ORSP85 cytochrome oxidase subunit I (COI) gene, partial cds; mitochondrial	Sphenarium mexicanum	0	1	28	587	560
24	28	28	56.0	100.000	28	6.75e-05	0	0	100	100	Sphenarium mexicanum voucher ORSP84 cytochrome oxidase subunit I (COI) gene, partial cds; mitochondrial	Sphenarium mexicanum	0	1	28	587	560
24	28	28	56.0	100.000	28	6.75e-05	0	0	100	100	Sphenarium histrio voucher ORSP82 cytochrome oxidase subunit I (COI) gene, partial cds; mitochondrial	Sphenarium histrio	0	1	28	587	560
24	28	28	56.0	100.000	28	6.75e-05	0	0	100	100	Sphenarium histrio voucher ORSP81 cytochrome oxidase subunit I (COI) gene, partial cds; mitochondrial	Sphenarium histrio	0	1	28	587	560
24	28	28	56.0	100.000	28	6.75e-05	0	0	100	100	Sphenarium histrio voucher ORSP77 cytochrome oxidase subunit I (COI) gene, partial cds; mitochondrial	Sphenarium histrio	0	1	28	587	560
25	28	28	56.0	100.000	28	6.75e-05	0	0	100	100	Euthystira luteifemora mitochondrion, complete genome	Euthystira luteifemora	0	1	28	2394	2367
25	28	28	56.0	100.000	28	6.75e-05	0	0	100	100	Euthystira luteifemora mitochondrion, complete genome	Euthystira luteifemora	0	1	28	2394	2367
25	28	28	56.0	100.000	28	6.75e-05	0	0	100	100	Lasioglossum lanarium isolate TA308 cytochrome c oxidase subunit 1 (COI) gene, partial cds; mitochondrial	Lasioglossum lanarium	0	1	28	258	231
25	28	28	56.0	100.000	28	6.75e-05	0	0	100	100	Lasioglossum lanarium isolate TA306 cytochrome c oxidase subunit 1 (COI) gene, partial cds; mitochondrial	Lasioglossum lanarium	0	1	28	258	231
25	28	28	56.0	100.000	28	6.75e-05	0	0	100	100	Lasioglossum tridens isolate TA020.2 cytochrome c oxidase subunit 1 (COI) gene, partial cds; mitochondrial	Lasioglossum tridens	0	1	28	258	231
25	28	28	56.0	100.000	28	6.75e-05	0	0	100	100	Lasioglossum tridens isolate TA020.1 cytochrome c oxidase subunit 1 (COI) gene, partial cds; mitochondrial	Lasioglossum tridens	0	1	28	258	231
25	28	28	56.0	100.000	28	6.75e-05	0	0	100	100	Spondylis buprestoides voucher SK460 cytochrome oxidase subunit 1 (COI) gene, partial cds; mitochondrial	Spondylis buprestoides	0	1	28	257	230
25	28	28	56.0	100.000	28	6.75e-05	0	0	100	100	Orestia punctipennis voucher BMNH848430 cytochrome c oxidase subunit I (COI) gene, partial cds; mitochondrial	Orestia punctipennis	0	1	28	182	155
25	28	28	56.0	100.000	28	6.75e-05	0	0	100	100	Eumolpinae sp. JGZ-052 mitochondrial partial COI gene for cytochrome oxidase subunit 1, specimen voucher IBE-JGZ-2919	Eumolpinae sp. JGZ-052	0	1	28	258	231
25	28	28	56.0	100.000	28	6.75e-05	0	0	100	100	Eumolpinae sp. JGZ-052 mitochondrial partial COI gene for cytochrome oxidase subunit 1, specimen voucher IBE-JGZ-2874	Eumolpinae sp. JGZ-052	0	1	28	258	231
26	28	28	56.0	100.000	28	6.75e-05	0	0	100	100	Anterhynchium aff. flavomarginatum SC mitochondrion, partial genome	Anterhynchium aff. flavomarginatum SC	0	1	28	2247	2220
26	28	28	56.0	100.000	28	6.75e-05	0	0	100	100	Anterhynchium aff. flavomarginatum HB mitochondrion, partial genome	Anterhynchium aff. flavomarginatum HB	0	1	28	2247	2220
26	28	28	56.0	100.000	28	6.75e-05	0	0	100	100	Leptocimbex grahami voucher CSCSHymM02108 cytochrome oxidase subunit 1 gene, partial cds; mitochondrial	Leptocimbex grahami	0	1	28	723	696
26	28	28	56.0	100.000	28	6.75e-05	0	0	100	100	Leptocimbex tuberculatus voucher CSCSHymM02100 cytochrome oxidase subunit 1 gene, partial cds; mitochondrial	Leptocimbex tuberculatus	0	1	28	723	696
26	28	28	56.0	100.000	28	6.75e-05	0	0	100	100	Xerantherix sp. Ma76 cytochrome oxidase subunit 1 (COI) gene, partial cds; mitochondrial	Xerantherix sp. Ma76	0	1	28	209	182
26	28	28	56.0	100.000	28	6.75e-05	0	0	100	100	Anisacanthinae gen. n. sp. Ma88 cytochrome oxidase subunit 1 (COI) gene, partial cds; mitochondrial	Anisacanthinae gen. n. sp. Ma88	0	1	28	199	172
26	28	28	56.0	100.000	28	6.75e-05	0	0	100	100	Pareophora pruni voucher DEI:DEI-GISHym80322 cytochrome c oxidase subunit I (cox1) gene, partial cds; mitochondrial	Pareophora pruni	0	1	28	927	900
26	28	28	56.0	100.000	28	6.75e-05	0	0	100	100	Podagricomela nigricollis mitochondrion, complete genome	Podagricomela nigricollis	0	1	28	3833	3806
26	28	28	56.0	100.000	28	6.75e-05	0	0	100	100	Neocryptopteryx orientalis cytochrome oxidase subunit 1 (COI) gene, partial cds; mitochondrial	Neocryptopteryx orientalis	0	1	28	889	862
26	28	28	56.0	100.000	28	6.75e-05	0	0	100	100	Trichoferus campestris mitochondrion, partial genome	Trichoferus campestris	0	1	28	2179	2152
27	28	28	56.0	100.000	28	6.75e-05	0	0	100	100	Vespa orientalis mitochondrion, complete genome	Vespa orientalis	0	1	28	9660	9687
27	28	28	56.0	100.000	28	6.75e-05	0	0	100	100	Blepharida pallida mitochondrial cytochrome oxidase subunit I (COI) and cytochrome oxidase subunit II (COII) genes, partial sequence	Blepharida pallida	0	1	28	1067	1094
27	28	28	56.0	100.000	28	6.75e-05	0	0	100	100	Dasymutilla sp. JC3 cytochrome oxidase I (COI) gene, partial cds; mitochondrial gene for mitochondrial product	Dasymutilla sp. JC3	0	1	28	137	164
27	28	28	56.0	100.000	28	6.75e-05	0	0	100	100	Anterhynchium abdominale mitochondrion, partial genome	Anterhynchium abdominale	0	1	28	2416	2389
27	28	28	56.0	100.000	28	6.75e-05	0	0	100	100	Pseudoeoscyllina brevipennisoides mitochondrion, complete genome	Pseudoeoscyllina brevipennisoides	0	1	28	2400	2373
27	28	28	56.0	100.000	28	6.75e-05	0	0	100	100	Conophymacris viridis mitochondrion, complete genome	Conophymacris viridis	0	1	28	2398	2371
27	28	28	56.0	100.000	28	6.75e-05	0	0	100	100	Tetrix ruyuanensis mitochondrion, complete genome	Tetrix ruyuanensis	0	1	28	2355	2328
27	28	28	56.0	100.000	28	6.75e-05	0	0	100	100	Tetrix ruyuanensis mitochondrion, complete genome	Tetrix ruyuanensis	0	1	28	2355	2328
27	28	28	56.0	100.000	28	6.75e-05	0	0	100	100	Pseudoeoscyllina brevipennisoides mitochondrion, complete genome	Pseudoeoscyllina brevipennisoides	0	1	28	2400	2373
27	28	28	56.0	100.000	28	6.75e-05	0	0	100	100	Conophymacris viridis mitochondrion, complete genome	Conophymacris viridis	0	1	28	2398	2371
28	28	24	48.1	96.429	27	0.016	0	0	100	100	Coxelus sp. Chile isolate ZOPH562 cytochrome c oxidase subunit 1 (COI) gene, partial cds; mitochondrial	Coxelus sp. Chile	1	1	28	208	181
28	28	24	48.1	96.429	27	0.016	0	0	100	100	Ablabus truncatus isolate ZOPH479 cytochrome c oxidase subunit 1 (COI) gene, partial cds; mitochondrial	Ablabus truncatus	1	1	28	214	187
28	28	24	48.1	96.429	27	0.016	0	0	100	100	Ablabus truncatus isolate ZOPH477 cytochrome c oxidase subunit 1 (COI) gene, partial cds; mitochondrial	Ablabus truncatus	1	1	28	215	188
28	28	24	48.1	96.429	27	0.016	0	0	100	100	Pristoderus crebripennis isolate Zoph179 cytochrome c oxidase subunit 1 (COI) gene, partial cds; mitochondrial	Pristoderus crebripennis	1	1	28	215	188
28	28	24	48.1	96.429	27	0.016	0	0	100	100	Blepephaeus succinctor mitochondrion, complete genome	Blepephaeus succinctor	1	1	28	2375	2348
28	28	24	48.1	96.429	27	0.016	0	0	100	100	Gonipterus pulverulentus strain 44 cytochrome oxidase subunit 1 (COI) gene, partial cds; mitochondrial	Gonipterus pulverulentus	1	1	28	176	149
28	28	24	48.1	96.429	27	0.016	0	0	100	100	Gonipterus pulverulentus strain 43 cytochrome oxidase subunit 1 (COI) gene, partial cds; mitochondrial	Gonipterus pulverulentus	1	1	28	176	149
28	28	24	48.1	96.429	27	0.016	0	0	100	100	Gonipterus pulverulentus strain 42 cytochrome oxidase subunit 1 (COI) gene, partial cds; mitochondrial	Gonipterus pulverulentus	1	1	28	176	149
28	28	24	48.1	96.429	27	0.016	0	0	100	100	Gonipterus pulverulentus strain 41 cytochrome oxidase subunit 1 (COI) gene, partial cds; mitochondrial	Gonipterus pulverulentus	1	1	28	176	149
28	28	24	48.1	96.429	27	0.016	0	0	100	100	Gonipterus pulverulentus strain 40 cytochrome oxidase subunit 1 (COI) gene, partial cds; mitochondrial	Gonipterus pulverulentus	1	1	28	176	149
29	28	24	48.1	96.429	27	0.016	0	0	100	100	Nysius inconspicuus isolate rmn1 cytochrome c oxidase subunit I (COX1) gene, partial cds; mitochondrial	Nysius inconspicuus	1	1	28	899	872
29	28	24	48.1	96.429	27	0.016	0	0	100	100	Meleonoma fascirupta voucher NKU-WQY0029 cytochrome c oxidase subunit I (COI) gene, partial cds; mitochondrial	Meleonoma fascirupta	1	1	28	928	901
29	28	24	48.1	96.429	27	0.016	0	0	100	100	Bactrocera correcta voucher UHIM.ms5816 cytochrome oxidase subunit 1 (COI) gene, partial cds; mitochondrial	Bactrocera correcta	1	1	28	243	216
29	28	24	48.1	96.429	27	0.016	0	0	100	100	Euthystira luteifemora mitochondrion, complete genome	Euthystira luteifemora	1	1	28	2394	2367
29	28	24	48.1	96.429	27	0.016	0	0	100	100	Bradysia sp. XQM-2020 mitochondrion	Bradysia sp. XQM-2020	1	1	28	2257	2230
29	28	24	48.1	96.429	27	0.016	0	0	100	100	Tarphiomimus sp. 2 TRB-2020 isolate Zoph710 cytochrome c oxidase subunit 1 (COI) gene, partial cds; mitochondrial	Tarphiomimus sp. 2 TRB-2020	1	1	28	212	185
29	28	24	48.1	96.429	27	0.016	0	0	100	100	Heterargus indentatus isolate ZOPH145 cytochrome c oxidase subunit 1 (COI) gene, partial cds; mitochondrial	Heterargus indentatus	1	1	28	215	188
29	28	24	48.1	96.429	27	0.016	0	0	100	100	Heterargus indentatus isolate ZOPH144 cytochrome c oxidase subunit 1 (COI) gene, partial cds; mitochondrial	Heterargus indentatus	1	1	28	215	188
29	28	24	48.1	96.429	27	0.016	0	0	100	100	Euthystira luteifemora mitochondrion, complete genome	Euthystira luteifemora	1	1	28	2394	2367
29	28	24	48.1	96.429	27	0.016	0	0	100	100	Lasioglossum lanarium isolate TA308 cytochrome c oxidase subunit 1 (COI) gene, partial cds; mitochondrial	Lasioglossum lanarium	1	1	28	258	231
30	28	24	48.1	96.429	27	0.016	0	0	100	100	Anterhynchium aff. flavomarginatum SC mitochondrion, partial genome	Anterhynchium aff. flavomarginatum SC	1	1	28	2247	2220
30	28	24	48.1	96.429	27	0.016	0	0	100	100	Anterhynchium aff. flavomarginatum HB mitochondrion, partial genome	Anterhynchium aff. flavomarginatum HB	1	1	28	2247	2220
30	28	24	48.1	96.429	27	0.016	0	0	100	100	Metathrinca tsugensis voucher NKU-WQY0012 cytochrome c oxidase subunit I (COI) gene, partial cds; mitochondrial	Metathrinca tsugensis	1	1	28	928	901
30	28	24	48.1	96.429	27	0.016	0	0	100	100	Eulasia rittneri voucher BMNH:836924 cytochrome c oxidase subunit 1 (cox1) gene, partial cds; mitochondrial	Eulasia rittneri	1	1	28	258	231
30	28	24	48.1	96.429	27	0.016	0	0	100	100	Bitoma quadricollis isolate ZOPH568 cytochrome c oxidase subunit 1 (COI) gene, partial cds; mitochondrial	Bitoma quadricollis	1	1	28	214	187
30	28	24	48.1	96.429	27	0.016	0	0	100	100	Eucicones marginalis isolate ZOPH559 cytochrome c oxidase subunit 1 (COI) gene, partial cds; mitochondrial	Eucicones marginalis	1	1	28	214	187
30	28	24	48.1	96.429	27	0.016	0	0	100	100	Rytinotus squamulosus isolate ZOPH549 cytochrome c oxidase subunit 1 (COI) gene, partial cds; mitochondrial	Rytinotus squamulosus	1	1	28	215	188
30	28	24	48.1	96.429	27	0.016	0	0	100	100	Rytinotus squamulosus isolate ZOPH548 cytochrome c oxidase subunit 1 (COI) gene, partial cds; mitochondrial	Rytinotus squamulosus	1	1	28	215	188
30	28	24	48.1	96.429	27	0.016	0	0	100	100	Pristoderus reitteri isolate ZOPH443 cytochrome c oxidase subunit 1 (COI) gene, partial cds; mitochondrial	Pristoderus reitteri	1	1	28	215	188
30	28	24	48.1	96.429	27	0.016	0	0	100	100	Rytinotus squamulosus isolate Zoph20b cytochrome c oxidase subunit 1 (COI) gene, partial cds; mitochondrial	Rytinotus squamulosus	1	1	28	215	188
31	26	26	52.0	100.000	26	0.001	0	0	93	93	Eustigmaeus sp. AD1329 voucher UMMZ BMOC 08-0821-006 AD1329 cytochrome oxidase subunit I (COXI) gene, partial cds; mitochondrial	Eustigmaeus sp. AD1329	0	3	28	929	904
31	28	24	48.1	96.429	27	0.016	0	0	100	100	Anterhynchium abdominale mitochondrion, partial genome	Anterhynchium abdominale	1	1	28	2416	2389
31	28	24	48.1	96.429	27	0.016	0	0	100	100	Anopheles cruzii isolate PAC8 cytochrome c oxidase subunit I (COI) gene, partial cds; mitochondrial	Anopheles cruzii	1	1	28	114	87
31	28	24	48.1	96.429	27	0.016	0	0	100	100	Anopheles cruzii isolate PAC7 cytochrome c oxidase subunit I (COI) gene, partial cds; mitochondrial	Anopheles cruzii	1	1	28	114	87
31	28	24	48.1	96.429	27	0.016	0	0	100	100	Anopheles cruzii isolate PAC5 cytochrome c oxidase subunit I (COI) gene, partial cds; mitochondrial	Anopheles cruzii	1	1	28	114	87
31	28	24	48.1	96.429	27	0.016	0	0	100	100	Anopheles cruzii isolate PAC4 cytochrome c oxidase subunit I (COI) gene, partial cds; mitochondrial	Anopheles cruzii	1	1	28	114	87
31	28	24	48.1	96.429	27	0.016	0	0	100	100	Anopheles cruzii isolate PAC1 cytochrome c oxidase subunit I (COI) gene, partial cds; mitochondrial	Anopheles cruzii	1	1	28	114	87
31	28	24	48.1	96.429	27	0.016	0	0	100	100	Anopheles cruzii isolate CA1 cytochrome c oxidase subunit I (COI) gene, partial cds; mitochondrial	Anopheles cruzii	1	1	28	114	87
31	28	24	48.1	96.429	27	0.016	0	0	100	100	Anopheles cruzii isolate C2 cytochrome c oxidase subunit I (COI) gene, partial cds; mitochondrial	Anopheles cruzii	1	1	28	114	87
31	28	24	48.1	96.429	27	0.016	0	0	100	100	Chasmogenus acuminatus voucher SLE1850 cytochrome c oxidase subunit I (COX1) gene, partial cds; mitochondrial	Chasmogenus acuminatus	1	1	28	236	209
